 📄 Tokens路径: /sdcard/Android/data/org.stypox.dicio.master/files/models/asr/sensevoice/tokens.txt
09-21 01:47:40.164 11918 11969 D 🎵[SenseVoiceRecognizer]: 🗂️ 来源: 文件系统
09-21 01:47:40.164 11918 11969 D 🎵[SenseVoiceRecognizer]: 开始SenseVoice识别，音频长度: 17600 (1.10秒)
09-21 01:47:40.164 11918 11969 D 🎵[SenseVoiceRecognizer]: 🎵 音频范围: [-0.2662964, 0.18286133]
09-21 01:47:40.164 11918 11969 D 🎵[SenseVoiceRecognizer]: 📋 音频数据已复制: 17600 samples
09-21 01:47:40.164 11918 11969 D 🎵[SenseVoiceRecognizer]: 准备创建stream...
09-21 01:47:40.166 11918 11969 D 🎵[SenseVoiceRecognizer]: ✅ Stream创建成功: 114578966
09-21 01:47:40.166 11918 11969 D 🎵[SenseVoiceRecognizer]: 向stream输入音频数据...
09-21 01:47:40.172 11918 11969 D 🎵[SenseVoiceRecognizer]: 音频数据输入完成
09-21 01:47:40.172 11918 11969 D 🎵[SenseVoiceRecognizer]: 开始解码识别...
09-21 01:47:41.045 11918 11969 D 🎵[SenseVoiceRecognizer]: 解码完成，准备获取结果...
09-21 01:47:41.045 11918 11969 D 🎵[SenseVoiceRecognizer]: 获取识别结果...
09-21 01:47:41.046 11918 11969 D 🎵[SenseVoiceRecognizer]: stream资源已释放
09-21 01:47:41.046 11918 11969 D 🎤[SenseVoiceRecognizer]: SenseVoice识别结果: "今天天气怎么样？"
09-21 01:47:41.051 11918 11918 D 🎤[SenseVoiceInputDevice]: 📤 更新结果: 今天天气怎么样？
09-21 01:47:41.158 11918 11968 D 🎤[SenseVoiceInputDevice]: 🔄 开始实时识别 (19200样本)
09-21 01:47:41.162 11918 11968 D 🎵[SenseVoiceRecognizer]: ✅ Recognizer ID: 14881226
09-21 01:47:41.162 11918 11968 D 🎵[SenseVoiceRecognizer]: 🔧 模型路径: /sdcard/Android/data/org.stypox.dicio.master/files/models/asr/sensevoice/model.int8.onnx
09-21 01:47:41.162 11918 11968 D 🎵[SenseVoiceRecognizer]: 📄 Tokens路径: /sdcard/Android/data/org.stypox.dicio.master/files/models/asr/sensevoice/tokens.txt
09-21 01:47:41.162 11918 11968 D 🎵[SenseVoiceRecognizer]: 🗂️ 来源: 文件系统
09-21 01:47:41.163 11918 11968 D 🎵[SenseVoiceRecognizer]: 开始SenseVoice识别，音频长度: 19200 (1.20秒)
09-21 01:47:41.163 11918 11968 D 🎵[SenseVoiceRecognizer]: 🎵 音频范围: [-0.2662964, 0.18286133]
09-21 01:47:41.164 11918 11968 D 🎵[SenseVoiceRecognizer]: 📋 音频数据已复制: 19200 samples
09-21 01:47:41.164 11918 11968 D 🎵[SenseVoiceRecognizer]: 准备创建stream...
09-21 01:47:41.165 11918 11968 D 🎵[SenseVoiceRecognizer]: ✅ Stream创建成功: 72324618
09-21 01:47:41.166 11918 11968 D 🎵[SenseVoiceRecognizer]: 向stream输入音频数据...
09-21 01:47:41.173 11918 11968 D 🎵[SenseVoiceRecognizer]: 音频数据输入完成
09-21 01:47:41.173 11918 11968 D 🎵[SenseVoiceRecognizer]: 开始解码识别...
09-21 01:47:42.078 11918 11968 D 🎵[SenseVoiceRecognizer]: 解码完成，准备获取结果...
09-21 01:47:42.078 11918 11968 D 🎵[SenseVoiceRecognizer]: 获取识别结果...
09-21 01:47:42.078 11918 11968 D 🎵[SenseVoiceRecognizer]: stream资源已释放
09-21 01:47:42.078 11918 11968 D 🎤[SenseVoiceRecognizer]: SenseVoice识别结果: "今天天气怎么样？"
09-21 01:47:42.083 11918 11918 D 🎤[SenseVoiceInputDevice]: 📤 更新结果: 今天天气怎么样？
09-21 01:47:42.180 11918 11969 D 🎤[SenseVoiceInputDevice]: 🔄 开始实时识别 (20800样本)
09-21 01:47:42.183 11918 11969 D 🎵[SenseVoiceRecognizer]: ✅ Recognizer ID: 14881226
09-21 01:47:42.183 11918 11969 D 🎵[SenseVoiceRecognizer]: 🔧 模型路径: /sdcard/Android/data/org.stypox.dicio.master/files/models/asr/sensevoice/model.int8.onnx
09-21 01:47:42.183 11918 11969 D 🎵[SenseVoiceRecognizer]: 📄 Tokens路径: /sdcard/Android/data/org.stypox.dicio.master/files/models/asr/sensevoice/tokens.txt
09-21 01:47:42.183 11918 11969 D 🎵[SenseVoiceRecognizer]: 🗂️ 来源: 文件系统
09-21 01:47:42.184 11918 11969 D 🎵[SenseVoiceRecognizer]: 开始SenseVoice识别，音频长度: 20800 (1.30秒)
09-21 01:47:42.184 11918 11969 D 🎵[SenseVoiceRecognizer]: 🎵 音频范围: [-0.2662964, 0.18286133]
09-21 01:47:42.184 11918 11969 D 🎵[SenseVoiceRecognizer]: 📋 音频数据已复制: 20800 samples
09-21 01:47:42.184 11918 11969 D 🎵[SenseVoiceRecognizer]: 准备创建stream...
09-21 01:47:42.186 11918 11969 D 🎵[SenseVoiceRecognizer]: ✅ Stream创建成功: 190193275
09-21 01:47:42.186 11918 11969 D 🎵[SenseVoiceRecognizer]: 向stream输入音频数据...
09-21 01:47:42.193 11918 11969 D 🎵[SenseVoiceRecognizer]: 音频数据输入完成
09-21 01:47:42.194 11918 11969 D 🎵[SenseVoiceRecognizer]: 开始解码识别...
09-21 01:47:43.170 11918 11969 D 🎵[SenseVoiceRecognizer]: 解码完成，准备获取结果...
09-21 01:47:43.170 11918 11969 D 🎵[SenseVoiceRecognizer]: 获取识别结果...
09-21 01:47:43.171 11918 11969 D 🎵[SenseVoiceRecognizer]: stream资源已释放
09-21 01:47:43.171 11918 11969 D 🎤[SenseVoiceRecognizer]: SenseVoice识别结果: "今天天气怎么样？"
09-21 01:47:43.172 11918 11918 D 🎤[SenseVoiceInputDevice]: 📤 更新结果: 今天天气怎么样？
09-21 01:47:43.272 11918 12023 D 🎤[SenseVoiceInputDevice]: 🔄 开始实时识别 (22400样本)
09-21 01:47:43.276 11918 12023 D 🎵[SenseVoiceRecognizer]: ✅ Recognizer ID: 14881226
09-21 01:47:43.276 11918 12023 D 🎵[SenseVoiceRecognizer]: 🔧 模型路径: /sdcard/Android/data/org.stypox.dicio.master/files/models/asr/sensevoice/model.int8.onnx
09-21 01:47:43.276 11918 12023 D 🎵[SenseVoiceRecognizer]: 📄 Tokens路径: /sdcard/Android/data/org.stypox.dicio.master/files/models/asr/sensevoice/tokens.txt
09-21 01:47:43.276 11918 12023 D 🎵[SenseVoiceRecognizer]: 🗂️ 来源: 文件系统
09-21 01:47:43.277 11918 12023 D 🎵[SenseVoiceRecognizer]: 开始SenseVoice识别，音频长度: 22400 (1.40秒)
09-21 01:47:43.277 11918 12023 D 🎵[SenseVoiceRecognizer]: 🎵 音频范围: [-0.2662964, 0.18286133]
09-21 01:47:43.277 11918 12023 D 🎵[SenseVoiceRecognizer]: 📋 音频数据已复制: 22400 samples
09-21 01:47:43.277 11918 12023 D 🎵[SenseVoiceRecognizer]: 准备创建stream...
09-21 01:47:43.279 11918 12023 D 🎵[SenseVoiceRecognizer]: ✅ Stream创建成功: 253142168
09-21 01:47:43.279 11918 12023 D 🎵[SenseVoiceRecognizer]: 向stream输入音频数据...
09-21 01:47:43.288 11918 12023 D 🎵[SenseVoiceRecognizer]: 音频数据输入完成
09-21 01:47:43.288 11918 12023 D 🎵[SenseVoiceRecognizer]: 开始解码识别...
09-21 01:47:43.755 11918 11967 V SenseVoiceInputDevice: 📊 音频数据#100: size=1600, max=0.0010, min=-0.0013, avg=-0.000035
09-21 01:47:44.269 11918 12023 D 🎵[SenseVoiceRecognizer]: 解码完成，准备获取结果...
09-21 01:47:44.270 11918 12023 D 🎵[SenseVoiceRecognizer]: 获取识别结果...
09-21 01:47:44.270 11918 12023 D 🎵[SenseVoiceRecognizer]: stream资源已释放
09-21 01:47:44.270 11918 12023 D 🎤[SenseVoiceRecognizer]: SenseVoice识别结果: "今天天气怎么样？"
09-21 01:47:44.272 11918 11918 D 🎤[SenseVoiceInputDevice]: 📤 更新结果: 今天天气怎么样？
09-21 01:47:44.364 11918 11966 D 🎤[SenseVoiceInputDevice]: 🔄 开始实时识别 (24000样本)
09-21 01:47:44.367 11918 11966 D 🎵[SenseVoiceRecognizer]: ✅ Recognizer ID: 14881226
09-21 01:47:44.367 11918 11966 D 🎵[SenseVoiceRecognizer]: 🔧 模型路径: /sdcard/Android/data/org.stypox.dicio.master/files/models/asr/sensevoice/model.int8.onnx
09-21 01:47:44.367 11918 11966 D 🎵[SenseVoiceRecognizer]: 📄 Tokens路径: /sdcard/Android/data/org.stypox.dicio.master/files/models/asr/sensevoice/tokens.txt
09-21 01:47:44.367 11918 11966 D 🎵[SenseVoiceRecognizer]: 🗂️ 来源: 文件系统
09-21 01:47:44.367 11918 11966 D 🎵[SenseVoiceRecognizer]: 开始SenseVoice识别，音频长度: 24000 (1.50秒)
09-21 01:47:44.367 11918 11966 D 🎵[SenseVoiceRecognizer]: 🎵 音频范围: [-0.2662964, 0.18286133]
09-21 01:47:44.368 11918 11966 D 🎵[SenseVoiceRecognizer]: 📋 音频数据已复制: 24000 samples
09-21 01:47:44.368 11918 11966 D 🎵[SenseVoiceRecognizer]: 准备创建stream...
09-21 01:47:44.369 11918 11966 D 🎵[SenseVoiceRecognizer]: ✅ Stream创建成功: 140154097
09-21 01:47:44.370 11918 11966 D 🎵[SenseVoiceRecognizer]: 向stream输入音频数据...
09-21 01:47:44.378 11918 11966 D 🎵[SenseVoiceRecognizer]: 音频数据输入完成
09-21 01:47:44.378 11918 11966 D 🎵[SenseVoiceRecognizer]: 开始解码识别...
09-21 01:47:45.432 11918 11966 D 🎵[SenseVoiceRecognizer]: 解码完成，准备获取结果...
09-21 01:47:45.432 11918 11966 D 🎵[SenseVoiceRecognizer]: 获取识别结果...
09-21 01:47:45.432 11918 11966 D 🎵[SenseVoiceRecognizer]: stream资源已释放
09-21 01:47:45.433 11918 11966 D 🎤[SenseVoiceRecognizer]: SenseVoice识别结果: "今天天气怎么样？"
09-21 01:47:45.436 11918 11918 D 🎤[SenseVoiceInputDevice]: 📤 更新结果: 今天天气怎么样？
09-21 01:47:45.526 11918 11966 D 🎤[SenseVoiceInputDevice]: 🔄 开始实时识别 (25600样本)
09-21 01:47:45.529 11918 11966 D 🎵[SenseVoiceRecognizer]: ✅ Recognizer ID: 14881226
09-21 01:47:45.529 11918 11966 D 🎵[SenseVoiceRecognizer]: 🔧 模型路径: /sdcard/Android/data/org.stypox.dicio.master/files/models/asr/sensevoice/model.int8.onnx
09-21 01:47:45.529 11918 11966 D 🎵[SenseVoiceRecognizer]: 📄 Tokens路径: /sdcard/Android/data/org.stypox.dicio.master/files/models/asr/sensevoice/tokens.txt
09-21 01:47:45.529 11918 11966 D 🎵[SenseVoiceRecognizer]: 🗂️ 来源: 文件系统
09-21 01:47:45.530 11918 11966 D 🎵[SenseVoiceRecognizer]: 开始SenseVoice识别，音频长度: 25600 (1.60秒)
09-21 01:47:45.530 11918 11966 D 🎵[SenseVoiceRecognizer]: 🎵 音频范围: [-0.2662964, 0.18286133]
09-21 01:47:45.530 11918 11966 D 🎵[SenseVoiceRecognizer]: 📋 音频数据已复制: 25600 samples
09-21 01:47:45.530 11918 11966 D 🎵[SenseVoiceRecognizer]: 准备创建stream...
09-21 01:47:45.531 11918 11966 D 🎵[SenseVoiceRecognizer]: ✅ Stream创建成功: 190384342
09-21 01:47:45.532 11918 11966 D 🎵[SenseVoiceRecognizer]: 向stream输入音频数据...
09-21 01:47:45.540 11918 11966 D 🎵[SenseVoiceRecognizer]: 音频数据输入完成
09-21 01:47:45.540 11918 11966 D 🎵[SenseVoiceRecognizer]: 开始解码识别...
09-21 01:47:46.688 11918 11966 D 🎵[SenseVoiceRecognizer]: 解码完成，准备获取结果...
09-21 01:47:46.688 11918 11966 D 🎵[SenseVoiceRecognizer]: 获取识别结果...
09-21 01:47:46.688 11918 11966 D 🎵[SenseVoiceRecognizer]: stream资源已释放
09-21 01:47:46.688 11918 11966 D 🎤[SenseVoiceRecognizer]: SenseVoice识别结果: "今天天气怎么样？"
09-21 01:47:46.690 11918 11918 D 🎤[SenseVoiceInputDevice]: 📤 更新结果: 今天天气怎么样？
09-21 01:47:46.690 11918 12023 D SenseVoiceInputDevice: 🔇 检测到静音超时 (3518ms)
09-21 01:47:46.690 11918 12023 D SenseVoiceInputDevice: 🎯 开始最终识别
09-21 01:47:46.690 11918 12023 D SenseVoiceInputDevice: 🚀 执行最终识别，音频: 25600样本 (1.60秒)
09-21 01:47:46.694 11918 12023 D 🎵[SenseVoiceRecognizer]: ✅ Recognizer ID: 14881226
09-21 01:47:46.694 11918 12023 D 🎵[SenseVoiceRecognizer]: 🔧 模型路径: /sdcard/Android/data/org.stypox.dicio.master/files/models/asr/sensevoice/model.int8.onnx
09-21 01:47:46.694 11918 12023 D 🎵[SenseVoiceRecognizer]: 📄 Tokens路径: /sdcard/Android/data/org.stypox.dicio.master/files/models/asr/sensevoice/tokens.txt
09-21 01:47:46.694 11918 12023 D 🎵[SenseVoiceRecognizer]: 🗂️ 来源: 文件系统
09-21 01:47:46.695 11918 12023 D 🎵[SenseVoiceRecognizer]: 开始SenseVoice识别，音频长度: 25600 (1.60秒)
09-21 01:47:46.695 11918 12023 D 🎵[SenseVoiceRecognizer]: 🎵 音频范围: [-0.2662964, 0.18286133]
09-21 01:47:46.696 11918 12023 D 🎵[SenseVoiceRecognizer]: 📋 音频数据已复制: 25600 samples
09-21 01:47:46.696 11918 12023 D 🎵[SenseVoiceRecognizer]: 准备创建stream...
09-21 01:47:46.698 11918 12023 D 🎵[SenseVoiceRecognizer]: ✅ Stream创建成功: 18753367
09-21 01:47:46.698 11918 12023 D 🎵[SenseVoiceRecognizer]: 向stream输入音频数据...
09-21 01:47:46.707 11918 12023 D 🎵[SenseVoiceRecognizer]: 音频数据输入完成
09-21 01:47:46.708 11918 12023 D 🎵[SenseVoiceRecognizer]: 开始解码识别...
09-21 01:47:47.832 11918 12023 D 🎵[SenseVoiceRecognizer]: 解码完成，准备获取结果...
09-21 01:47:47.832 11918 12023 D 🎵[SenseVoiceRecognizer]: 获取识别结果...
09-21 01:47:47.832 11918 12023 D 🎵[SenseVoiceRecognizer]: stream资源已释放
09-21 01:47:47.832 11918 12023 D 🎤[SenseVoiceRecognizer]: SenseVoice识别结果: "今天天气怎么样？"
09-21 01:47:47.833 11918 12023 D 🎤[SenseVoiceInputDevice]: ✅ 最终结果: "今天天气怎么样？"
09-21 01:47:47.838 11918 11968 D SenseVoiceInputDevice: 🏁 音频处理结束，状态: Loaded
09-21 01:47:47.872 11918 11967 D SenseVoiceInputDevice: 🏁 音频采集结束
09-21 01:47:47.920 11918 11967 D SenseVoiceInputDevice: 🛑 AudioRecord已停止
09-21 01:47:47.926 11918 11967 D SenseVoiceInputDevice: ✅ AudioRecord已清理
09-21 01:47:48.113 11918 11967 D SenseVoiceInputDevice: 🚀 启动语音识别
09-21 01:47:48.113 11918 11967 D SenseVoiceInputDevice: 🔄 状态已重置
09-21 01:47:48.114 11918 11967 D SenseVoiceInputDevice: 🔄 启动音频处理
09-21 01:47:48.115 11918 11964 D SenseVoiceInputDevice: 🎵 启动音频采集
09-21 01:47:48.163 11918 11964 D SenseVoiceInputDevice: ✅ 录制已启动
09-21 01:47:48.366 11918 11964 V SenseVoiceInputDevice: 📊 音频数据#1: size=1600, max=0.0649, min=-0.0670, avg=0.000025
09-21 01:47:48.467 11918 11964 V SenseVoiceInputDevice: 📊 音频数据#2: size=1600, max=0.1578, min=-0.1942, avg=-0.000169
09-21 01:47:48.566 11918 11964 V SenseVoiceInputDevice: 📊 音频数据#3: size=1600, max=0.1288, min=-0.1245, avg=0.000059
09-21 01:47:53.269 11918 11964 V SenseVoiceInputDevice: 📊 音频数据#50: size=1600, max=0.0045, min=-0.0044, avg=-0.000013
09-21 01:47:58.266 11918 11964 V SenseVoiceInputDevice: 📊 音频数据#100: size=1600, max=0.0105, min=-0.0104, avg=-0.000100
09-21 01:48:03.266 11918 11964 V SenseVoiceInputDevice: 📊 音频数据#150: size=1600, max=0.0015, min=-0.0016, avg=-0.000026
09-21 01:48:07.357 11918 11967 D SenseVoiceInputDevice: 🎙️ VAD检测到语音开始 (1600样本)
09-21 01:48:07.357 11918 11967 D 🎤[SenseVoiceInputDevice]: 🎙️ 检测到语音开始，已添加预缓冲音频 (8000样本)
09-21 01:48:07.357 11918 11967 D 🎤[SenseVoiceInputDevice]: 🔄 开始实时识别 (8000样本)
09-21 01:48:07.359 11918 11967 D 🎵[SenseVoiceRecognizer]: ✅ Recognizer ID: 14881226
09-21 01:48:07.359 11918 11967 D 🎵[SenseVoiceRecognizer]: 🔧 模型路径: /sdcard/Android/data/org.stypox.dicio.master/files/models/asr/sensevoice/model.int8.onnx
09-21 01:48:07.359 11918 11967 D 🎵[SenseVoiceRecognizer]: 📄 Tokens路径: /sdcard/Android/data/org.stypox.dicio.master/files/models/asr/sensevoice/tokens.txt
09-21 01:48:07.359 11918 11967 D 🎵[SenseVoiceRecognizer]: 🗂️ 来源: 文件系统
09-21 01:48:07.360 11918 11967 D 🎵[SenseVoiceRecognizer]: 开始SenseVoice识别，音频长度: 8000 (0.50秒)
09-21 01:48:07.360 11918 11967 D 🎵[SenseVoiceRecognizer]: 🎵 音频范围: [-0.4058838, 0.40963745]
09-21 01:48:07.360 11918 11967 D 🎵[SenseVoiceRecognizer]: 📋 音频数据已复制: 8000 samples
09-21 01:48:07.360 11918 11967 D 🎵[SenseVoiceRecognizer]: 准备创建stream...
09-21 01:48:07.362 11918 11967 D 🎵[SenseVoiceRecognizer]: ✅ Stream创建成功: 226996429
09-21 01:48:07.362 11918 11967 D 🎵[SenseVoiceRecognizer]: 向stream输入音频数据...
09-21 01:48:07.365 11918 11967 D 🎵[SenseVoiceRecognizer]: 音频数据输入完成
09-21 01:48:07.366 11918 11967 D 🎵[SenseVoiceRecognizer]: 开始解码识别...
09-21 01:48:07.893 11918 11967 D 🎵[SenseVoiceRecognizer]: 解码完成，准备获取结果...
09-21 01:48:07.893 11918 11967 D 🎵[SenseVoiceRecognizer]: 获取识别结果...
09-21 01:48:07.893 11918 11967 D 🎵[SenseVoiceRecognizer]: stream资源已释放
09-21 01:48:07.894 11918 11967 D 🎤[SenseVoiceRecognizer]: SenseVoice识别结果: "嗯。"
09-21 01:48:07.895 11918 11918 D 🎤[SenseVoiceInputDevice]: 📤 首次发送: 嗯。
09-21 01:48:07.992 11918 11969 D 🎤[SenseVoiceInputDevice]: 🔄 开始实时识别 (9600样本)
09-21 01:48:07.994 11918 11969 D 🎵[SenseVoiceRecognizer]: ✅ Recognizer ID: 14881226
09-21 01:48:07.994 11918 11969 D 🎵[SenseVoiceRecognizer]: 🔧 模型路径: /sdcard/Android/data/org.stypox.dicio.master/files/models/asr/sensevoice/model.int8.onnx
09-21 01:48:07.994 11918 11969 D 🎵[SenseVoiceRecognizer]: 📄 Tokens路径: /sdcard/Android/data/org.stypox.dicio.master/files/models/asr/sensevoice/tokens.txt
09-21 01:48:07.994 11918 11969 D 🎵[SenseVoiceRecognizer]: 🗂️ 来源: 文件系统
09-21 01:48:07.994 11918 11969 D 🎵[SenseVoiceRecognizer]: 开始SenseVoice识别，音频长度: 9600 (0.60秒)
09-21 01:48:07.995 11918 11969 D 🎵[SenseVoiceRecognizer]: 🎵 音频范围: [-0.4656067, 0.5116272]
09-21 01:48:07.995 11918 11969 D 🎵[SenseVoiceRecognizer]: 📋 音频数据已复制: 9600 samples
09-21 01:48:07.995 11918 11969 D 🎵[SenseVoiceRecognizer]: 准备创建stream...
09-21 01:48:07.996 11918 11969 D 🎵[SenseVoiceRecognizer]: ✅ Stream创建成功: 181705415
09-21 01:48:07.996 11918 11969 D 🎵[SenseVoiceRecognizer]: 向stream输入音频数据...
09-21 01:48:08.000 11918 11969 D 🎵[SenseVoiceRecognizer]: 音频数据输入完成
09-21 01:48:08.000 11918 11969 D 🎵[SenseVoiceRecognizer]: 开始解码识别...
09-21 01:48:08.267 11918 11964 V SenseVoiceInputDevice: 📊 音频数据#200: size=1600, max=0.0016, min=-0.0014, avg=-0.000066
09-21 01:48:08.576 11918 11969 D 🎵[SenseVoiceRecognizer]: 解码完成，准备获取结果...
09-21 01:48:08.577 11918 11969 D 🎵[SenseVoiceRecognizer]: 获取识别结果...
09-21 01:48:08.577 11918 11969 D 🎵[SenseVoiceRecognizer]: stream资源已释放
09-21 01:48:08.577 11918 11969 D 🎤[SenseVoiceRecognizer]: SenseVoice识别结果: "我们。"
09-21 01:48:08.578 11918 11918 D 🎤[SenseVoiceInputDevice]: 📤 更新结果: 我们。
09-21 01:48:08.691 11918 12023 D 🎤[SenseVoiceInputDevice]: 🔄 开始实时识别 (11200样本)
09-21 01:48:08.693 11918 12023 D 🎵[SenseVoiceRecognizer]: ✅ Recognizer ID: 14881226
09-21 01:48:08.693 11918 12023 D 🎵[SenseVoiceRecognizer]: 🔧 模型路径: /sdcard/Android/data/org.stypox.dicio.master/files/models/asr/sensevoice/model.int8.onnx
09-21 01:48:08.693 11918 12023 D 🎵[SenseVoiceRecognizer]: 📄 Tokens路径: /sdcard/Android/data/org.stypox.dicio.master/files/models/asr/sensevoice/tokens.txt
09-21 01:48:08.693 11918 12023 D 🎵[SenseVoiceRecognizer]: 🗂️ 来源: 文件系统
09-21 01:48:08.693 11918 12023 D 🎵[SenseVoiceRecognizer]: 开始SenseVoice识别，音频长度: 11200 (0.70秒)
09-21 01:48:08.694 11918 12023 D 🎵[SenseVoiceRecognizer]: 🎵 音频范围: [-0.4656067, 0.5116272]
09-21 01:48:08.694 11918 12023 D 🎵[SenseVoiceRecognizer]: 📋 音频数据已复制: 11200 samples
09-21 01:48:08.694 11918 12023 D 🎵[SenseVoiceRecognizer]: 准备创建stream...
09-21 01:48:08.695 11918 12023 D 🎵[SenseVoiceRecognizer]: ✅ Stream创建成功: 263779809
09-21 01:48:08.695 11918 12023 D 🎵[SenseVoiceRecognizer]: 向stream输入音频数据...
09-21 01:48:08.699 11918 12023 D 🎵[SenseVoiceRecognizer]: 音频数据输入完成
09-21 01:48:08.699 11918 12023 D 🎵[SenseVoiceRecognizer]: 开始解码识别...
09-21 01:48:09.360 11918 12023 D 🎵[SenseVoiceRecognizer]: 解码完成，准备获取结果...
09-21 01:48:09.360 11918 12023 D 🎵[SenseVoiceRecognizer]: 获取识别结果...
09-21 01:48:09.360 11918 12023 D 🎵[SenseVoiceRecognizer]: stream资源已释放
09-21 01:48:09.360 11918 12023 D 🎤[SenseVoiceRecognizer]: SenseVoice识别结果: "我们。"
09-21 01:48:09.362 11918 11918 D 🎤[SenseVoiceInputDevice]: 📤 更新结果: 我们。
09-21 01:48:09.457 11918 11968 D 🎤[SenseVoiceInputDevice]: 🔄 开始实时识别 (12800样本)
09-21 01:48:09.458 11918 11968 D 🎵[SenseVoiceRecognizer]: ✅ Recognizer ID: 14881226
09-21 01:48:09.459 11918 11968 D 🎵[SenseVoiceRecognizer]: 🔧 模型路径: /sdcard/Android/data/org.stypox.dicio.master/files/models/asr/sensevoice/model.int8.onnx
09-21 01:48:09.459 11918 11968 D 🎵[SenseVoiceRecognizer]: 📄 Tokens路径: /sdcard/Android/data/org.stypox.dicio.master/files/models/asr/sensevoice/tokens.txt
09-21 01:48:09.459 11918 11968 D 🎵[SenseVoiceRecognizer]: 🗂️ 来源: 文件系统
09-21 01:48:09.459 11918 11968 D 🎵[SenseVoiceRecognizer]: 开始SenseVoice识别，音频长度: 12800 (0.80秒)
09-21 01:48:09.459 11918 11968 D 🎵[SenseVoiceRecognizer]: 🎵 音频范围: [-0.4656067, 0.5116272]
09-21 01:48:09.459 11918 11968 D 🎵[SenseVoiceRecognizer]: 📋 音频数据已复制: 12800 samples
09-21 01:48:09.459 11918 11968 D 🎵[SenseVoiceRecognizer]: 准备创建stream...
09-21 01:48:09.461 11918 11968 D 🎵[SenseVoiceRecognizer]: ✅ Stream创建成功: 73498649
09-21 01:48:09.461 11918 11968 D 🎵[SenseVoiceRecognizer]: 向stream输入音频数据...
09-21 01:48:09.465 11918 11968 D 🎵[SenseVoiceRecognizer]: 音频数据输入完成
09-21 01:48:09.465 11918 11968 D 🎵[SenseVoiceRecognizer]: 开始解码识别...
09-21 01:48:10.171 11918 11968 D 🎵[SenseVoiceRecognizer]: 解码完成，准备获取结果...
09-21 01:48:10.172 11918 11968 D 🎵[SenseVoiceRecognizer]: 获取识别结果...
09-21 01:48:10.172 11918 11968 D 🎵[SenseVoiceRecognizer]: stream资源已释放
09-21 01:48:10.172 11918 11968 D 🎤[SenseVoiceRecognizer]: SenseVoice识别结果: "嗯们。"
09-21 01:48:10.174 11918 11918 D 🎤[SenseVoiceInputDevice]: 📤 更新结果: 嗯们。
09-21 01:48:10.283 11918 12023 D 🎤[SenseVoiceInputDevice]: 🔄 开始实时识别 (14400样本)
09-21 01:48:10.285 11918 12023 D 🎵[SenseVoiceRecognizer]: ✅ Recognizer ID: 14881226
09-21 01:48:10.285 11918 12023 D 🎵[SenseVoiceRecognizer]: 🔧 模型路径: /sdcard/Android/data/org.stypox.dicio.master/files/models/asr/sensevoice/model.int8.onnx
09-21 01:48:10.285 11918 12023 D 🎵[SenseVoiceRecognizer]: 📄 Tokens路径: /sdcard/Android/data/org.stypox.dicio.master/files/models/asr/sensevoice/tokens.txt
09-21 01:48:10.285 11918 12023 D 🎵[SenseVoiceRecognizer]: 🗂️ 来源: 文件系统
09-21 01:48:10.286 11918 12023 D 🎵[SenseVoiceRecognizer]: 开始SenseVoice识别，音频长度: 14400 (0.90秒)
09-21 01:48:10.286 11918 12023 D 🎵[SenseVoiceRecognizer]: 🎵 音频范围: [-0.4656067, 0.5116272]
09-21 01:48:10.286 11918 12023 D 🎵[SenseVoiceRecognizer]: 📋 音频数据已复制: 14400 samples
09-21 01:48:10.286 11918 12023 D 🎵[SenseVoiceRecognizer]: 准备创建stream...
09-21 01:48:10.287 11918 12023 D 🎵[SenseVoiceRecognizer]: ✅ Stream创建成功: 265106103
09-21 01:48:10.288 11918 12023 D 🎵[SenseVoiceRecognizer]: 向stream输入音频数据...
09-21 01:48:10.293 11918 12023 D 🎵[SenseVoiceRecognizer]: 音频数据输入完成
09-21 01:48:10.293 11918 12023 D 🎵[SenseVoiceRecognizer]: 开始解码识别...
09-21 01:48:11.022 11918 12023 D 🎵[SenseVoiceRecognizer]: 解码完成，准备获取结果...
09-21 01:48:11.022 11918 12023 D 🎵[SenseVoiceRecognizer]: 获取识别结果...
09-21 01:48:11.023 11918 12023 D 🎵[SenseVoiceRecognizer]: stream资源已释放
09-21 01:48:11.023 11918 12023 D 🎤[SenseVoiceRecognizer]: SenseVoice识别结果: "嗯们。"
09-21 01:48:11.024 11918 11918 D 🎤[SenseVoiceInputDevice]: 📤 更新结果: 嗯们。
09-21 01:48:11.115 11918 11968 D 🎤[SenseVoiceInputDevice]: 🔄 开始实时识别 (16000样本)
09-21 01:48:11.117 11918 11968 D 🎵[SenseVoiceRecognizer]: ✅ Recognizer ID: 14881226
09-21 01:48:11.118 11918 11968 D 🎵[SenseVoiceRecognizer]: 🔧 模型路径: /sdcard/Android/data/org.stypox.dicio.master/files/models/asr/sensevoice/model.int8.onnx
09-21 01:48:11.118 11918 11968 D 🎵[SenseVoiceRecognizer]: 📄 Tokens路径: /sdcard/Android/data/org.stypox.dicio.master/files/models/asr/sensevoice/tokens.txt
09-21 01:48:11.118 11918 11968 D 🎵[SenseVoiceRecognizer]: 🗂️ 来源: 文件系统
09-21 01:48:11.118 11918 11968 D 🎵[SenseVoiceRecognizer]: 开始SenseVoice识别，音频长度: 16000 (1.00秒)
09-21 01:48:11.118 11918 11968 D 🎵[SenseVoiceRecognizer]: 🎵 音频范围: [-0.4656067, 0.5116272]
09-21 01:48:11.119 11918 11968 D 🎵[SenseVoiceRecognizer]: 📋 音频数据已复制: 16000 samples
09-21 01:48:11.119 11918 11968 D 🎵[SenseVoiceRecognizer]: 准备创建stream...
09-21 01:48:11.120 11918 11968 D 🎵[SenseVoiceRecognizer]: ✅ Stream创建成功: 164782154
09-21 01:48:11.120 11918 11968 D 🎵[SenseVoiceRecognizer]: 向stream输入音频数据...
09-21 01:48:11.126 11918 11968 D 🎵[SenseVoiceRecognizer]: 音频数据输入完成
09-21 01:48:11.126 11918 11968 D 🎵[SenseVoiceRecognizer]: 开始解码识别...
09-21 01:48:11.929 11918 11968 D 🎵[SenseVoiceRecognizer]: 解码完成，准备获取结果...
09-21 01:48:11.929 11918 11968 D 🎵[SenseVoiceRecognizer]: 获取识别结果...
09-21 01:48:11.929 11918 11968 D 🎵[SenseVoiceRecognizer]: stream资源已释放
09-21 01:48:11.930 11918 11968 D 🎤[SenseVoiceRecognizer]: SenseVoice识别结果: "嗯们。"
09-21 01:48:11.931 11918 11918 D 🎤[SenseVoiceInputDevice]: 📤 更新结果: 嗯们。
09-21 01:48:12.029 11918 11967 D 🎤[SenseVoiceInputDevice]: 🔄 开始实时识别 (17600样本)
09-21 01:48:12.031 11918 11967 D 🎵[SenseVoiceRecognizer]: ✅ Recognizer ID: 14881226
09-21 01:48:12.031 11918 11967 D 🎵[SenseVoiceRecognizer]: 🔧 模型路径: /sdcard/Android/data/org.stypox.dicio.master/files/models/asr/sensevoice/model.int8.onnx
09-21 01:48:12.031 11918 11967 D 🎵[SenseVoiceRecognizer]: 📄 Tokens路径: /sdcard/Android/data/org.stypox.dicio.master/files/models/asr/sensevoice/tokens.txt
09-21 01:48:12.031 11918 11967 D 🎵[SenseVoiceRecognizer]: 🗂️ 来源: 文件系统
09-21 01:48:12.032 11918 11967 D 🎵[SenseVoiceRecognizer]: 开始SenseVoice识别，音频长度: 17600 (1.10秒)
09-21 01:48:12.032 11918 11967 D 🎵[SenseVoiceRecognizer]: 🎵 音频范围: [-0.4656067, 0.5116272]
09-21 01:48:12.032 11918 11967 D 🎵[SenseVoiceRecognizer]: 📋 音频数据已复制: 17600 samples
09-21 01:48:12.032 11918 11967 D 🎵[SenseVoiceRecognizer]: 准备创建stream...
09-21 01:48:12.033 11918 11967 D 🎵[SenseVoiceRecognizer]: ✅ Stream创建成功: 187022267
09-21 01:48:12.033 11918 11967 D 🎵[SenseVoiceRecognizer]: 向stream输入音频数据...
09-21 01:48:12.040 11918 11967 D 🎵[SenseVoiceRecognizer]: 音频数据输入完成
09-21 01:48:12.040 11918 11967 D 🎵[SenseVoiceRecognizer]: 开始解码识别...
09-21 01:48:12.966 11918 11967 D 🎵[SenseVoiceRecognizer]: 解码完成，准备获取结果...
09-21 01:48:12.966 11918 11967 D 🎵[SenseVoiceRecognizer]: 获取识别结果...
09-21 01:48:12.966 11918 11967 D 🎵[SenseVoiceRecognizer]: stream资源已释放
09-21 01:48:12.966 11918 11967 D 🎤[SenseVoiceRecognizer]: SenseVoice识别结果: "嗯们。"
09-21 01:48:12.968 11918 11918 D 🎤[SenseVoiceInputDevice]: 📤 更新结果: 嗯们。
09-21 01:48:13.062 11918 12023 D 🎤[SenseVoiceInputDevice]: 🔄 开始实时识别 (19200样本)
09-21 01:48:13.065 11918 12023 D 🎵[SenseVoiceRecognizer]: ✅ Recognizer ID: 14881226
09-21 01:48:13.065 11918 12023 D 🎵[SenseVoiceRecognizer]: 🔧 模型路径: /sdcard/Android/data/org.stypox.dicio.master/files/models/asr/sensevoice/model.int8.onnx
09-21 01:48:13.065 11918 12023 D 🎵[SenseVoiceRecognizer]: 📄 Tokens路径: /sdcard/Android/data/org.stypox.dicio.master/files/models/asr/sensevoice/tokens.txt
09-21 01:48:13.065 11918 12023 D 🎵[SenseVoiceRecognizer]: 🗂️ 来源: 文件系统
09-21 01:48:13.065 11918 12023 D 🎵[SenseVoiceRecognizer]: 开始SenseVoice识别，音频长度: 19200 (1.20秒)
09-21 01:48:13.066 11918 12023 D 🎵[SenseVoiceRecognizer]: 🎵 音频范围: [-0.4656067, 0.5116272]
09-21 01:48:13.066 11918 12023 D 🎵[SenseVoiceRecognizer]: 📋 音频数据已复制: 19200 samples
09-21 01:48:13.066 11918 12023 D 🎵[SenseVoiceRecognizer]: 准备创建stream...
09-21 01:48:13.067 11918 12023 D 🎵[SenseVoiceRecognizer]: ✅ Stream创建成功: 236503676
09-21 01:48:13.067 11918 12023 D 🎵[SenseVoiceRecognizer]: 向stream输入音频数据...
09-21 01:48:13.076 11918 12023 D 🎵[SenseVoiceRecognizer]: 音频数据输入完成
09-21 01:48:13.076 11918 12023 D 🎵[SenseVoiceRecognizer]: 开始解码识别...
09-21 01:48:13.268 11918 11964 V SenseVoiceInputDevice: 📊 音频数据#250: size=1600, max=0.0013, min=-0.0013, avg=-0.000031
09-21 01:48:14.094 11918 12023 D 🎵[SenseVoiceRecognizer]: 解码完成，准备获取结果...
09-21 01:48:14.094 11918 12023 D 🎵[SenseVoiceRecognizer]: 获取识别结果...
09-21 01:48:14.095 11918 12023 D 🎵[SenseVoiceRecognizer]: stream资源已释放
09-21 01:48:14.095 11918 12023 D 🎤[SenseVoiceRecognizer]: SenseVoice识别结果: "嗯们。"
09-21 01:48:14.102 11918 11918 D 🎤[SenseVoiceInputDevice]: 📤 更新结果: 嗯们。
09-21 01:48:14.209 11918 11967 D 🎤[SenseVoiceInputDevice]: 🔄 开始实时识别 (20800样本)
09-21 01:48:14.212 11918 11967 D 🎵[SenseVoiceRecognizer]: ✅ Recognizer ID: 14881226
09-21 01:48:14.212 11918 11967 D 🎵[SenseVoiceRecognizer]: 🔧 模型路径: /sdcard/Android/data/org.stypox.dicio.master/files/models/asr/sensevoice/model.int8.onnx
09-21 01:48:14.212 11918 11967 D 🎵[SenseVoiceRecognizer]: 📄 Tokens路径: /sdcard/Android/data/org.stypox.dicio.master/files/models/asr/sensevoice/tokens.txt
09-21 01:48:14.212 11918 11967 D 🎵[SenseVoiceRecognizer]: 🗂️ 来源: 文件系统
09-21 01:48:14.213 11918 11967 D 🎵[SenseVoiceRecognizer]: 开始SenseVoice识别，音频长度: 20800 (1.30秒)
09-21 01:48:14.213 11918 11967 D 🎵[SenseVoiceRecognizer]: 🎵 音频范围: [-0.4656067, 0.5116272]
09-21 01:48:14.213 11918 11967 D 🎵[SenseVoiceRecognizer]: 📋 音频数据已复制: 20800 samples
09-21 01:48:14.213 11918 11967 D 🎵[SenseVoiceRecognizer]: 准备创建stream...
09-21 01:48:14.214 11918 11967 D 🎵[SenseVoiceRecognizer]: ✅ Stream创建成功: 62179077
09-21 01:48:14.214 11918 11967 D 🎵[SenseVoiceRecognizer]: 向stream输入音频数据...
09-21 01:48:14.222 11918 11967 D 🎵[SenseVoiceRecognizer]: 音频数据输入完成
09-21 01:48:14.222 11918 11967 D 🎵[SenseVoiceRecognizer]: 开始解码识别...
09-21 01:48:15.306 11918 11967 D 🎵[SenseVoiceRecognizer]: 解码完成，准备获取结果...
09-21 01:48:15.306 11918 11967 D 🎵[SenseVoiceRecognizer]: 获取识别结果...
09-21 01:48:15.307 11918 11967 D 🎵[SenseVoiceRecognizer]: stream资源已释放
09-21 01:48:15.307 11918 11967 D 🎤[SenseVoiceRecognizer]: SenseVoice识别结果: "Yeah."
09-21 01:48:15.320 11918 11918 D 🎤[SenseVoiceInputDevice]: 📤 更新结果: Yeah.
09-21 01:48:15.320 11918 12023 D SenseVoiceInputDevice: 🔇 检测到静音超时 (3388ms)
09-21 01:48:15.321 11918 12023 D SenseVoiceInputDevice: 🎯 开始最终识别
09-21 01:48:15.321 11918 12023 D SenseVoiceInputDevice: 🚀 执行最终识别，音频: 20800样本 (1.30秒)
09-21 01:48:15.329 11918 12023 D 🎵[SenseVoiceRecognizer]: ✅ Recognizer ID: 14881226
09-21 01:48:15.329 11918 12023 D 🎵[SenseVoiceRecognizer]: 🔧 模型路径: /sdcard/Android/data/org.stypox.dicio.master/files/models/asr/sensevoice/model.int8.onnx
09-21 01:48:15.329 11918 12023 D 🎵[SenseVoiceRecognizer]: 📄 Tokens路径: /sdcard/Android/data/org.stypox.dicio.master/files/models/asr/sensevoice/tokens.txt
09-21 01:48:15.329 11918 12023 D 🎵[SenseVoiceRecognizer]: 🗂️ 来源: 文件系统
09-21 01:48:15.330 11918 12023 D 🎵[SenseVoiceRecognizer]: 开始SenseVoice识别，音频长度: 20800 (1.30秒)
09-21 01:48:15.331 11918 12023 D 🎵[SenseVoiceRecognizer]: 🎵 音频范围: [-0.4656067, 0.5116272]
09-21 01:48:15.331 11918 12023 D 🎵[SenseVoiceRecognizer]: 📋 音频数据已复制: 20800 samples
09-21 01:48:15.331 11918 12023 D 🎵[SenseVoiceRecognizer]: 准备创建stream...
09-21 01:48:15.333 11918 12023 D 🎵[SenseVoiceRecognizer]: ✅ Stream创建成功: 192574298
09-21 01:48:15.333 11918 12023 D 🎵[SenseVoiceRecognizer]: 向stream输入音频数据...
09-21 01:48:15.341 11918 12023 D 🎵[SenseVoiceRecognizer]: 音频数据输入完成
09-21 01:48:15.341 11918 12023 D 🎵[SenseVoiceRecognizer]: 开始解码识别...
09-21 01:48:16.407 11918 12023 D 🎵[SenseVoiceRecognizer]: 解码完成，准备获取结果...
09-21 01:48:16.408 11918 12023 D 🎵[SenseVoiceRecognizer]: 获取识别结果...
09-21 01:48:16.408 11918 12023 D 🎵[SenseVoiceRecognizer]: stream资源已释放
09-21 01:48:16.408 11918 12023 D 🎤[SenseVoiceRecognizer]: SenseVoice识别结果: "Yeah."
09-21 01:48:16.409 11918 12023 D 🎤[SenseVoiceInputDevice]: ✅ 最终结果: "Yeah."
09-21 01:48:16.416 11918 11967 D SenseVoiceInputDevice: 🏁 音频处理结束，状态: Loaded
09-21 01:48:16.465 11918 11964 D SenseVoiceInputDevice: 🏁 音频采集结束
09-21 01:48:16.508 11918 11964 D SenseVoiceInputDevice: 🛑 AudioRecord已停止
09-21 01:48:16.514 11918 11964 D SenseVoiceInputDevice: ✅ AudioRecord已清理
09-21 01:48:49.073 12135 12135 D SttInputDeviceWrapper: 📝 [INIT] 读取配置完成: INPUT_DEVICE_SENSEVOICE
09-21 01:48:49.073 12135 12135 D SttInputDeviceWrapper: 🏗️ 构建STT输入设备: INPUT_DEVICE_SENSEVOICE
09-21 01:48:49.074 12135 12135 D SttInputDeviceWrapper:    🎙️ 获取SenseVoiceInputDevice单例
09-21 01:48:49.082 12135 12135 D SenseVoiceInputDevice: 🏗️ [INIT] SenseVoiceInputDevice构造函数开始
09-21 01:48:49.082 12135 12135 D SenseVoiceInputDevice: 🎤 SenseVoice输入设备正在初始化...
09-21 01:48:49.082 12135 12135 D SenseVoiceInputDevice: 🚀 [INIT] 启动协程初始化组件
09-21 01:48:49.083 12135 12135 D SenseVoiceInputDevice: ✅ [INIT] SenseVoiceInputDevice构造函数完成
09-21 01:48:49.083 12135 12135 D SenseVoiceInputDevice: 🏗️ 创建SenseVoiceInputDevice单例实例
09-21 01:48:49.084 12135 12185 D SenseVoiceInputDevice: 🔄 [COROUTINE] initializeComponents()协程开始执行
09-21 01:48:49.084 12135 12185 D SenseVoiceInputDevice: 🔧 开始初始化组件...
09-21 01:48:49.111 12135 12185 D ModelPathManager: ✅ 发现已有模型文件: /sdcard/Android/data/org.stypox.dicio.master/files/models/asr/sensevoice (2个文件)
09-21 01:48:49.112 12135 12185 D 📦[SenseVoiceModelManager]: 找到外部量化SenseVoice模型
09-21 01:48:49.113 12135 12185 D 📦[SenseVoiceModelManager]: ✅ 使用外部存储SenseVoice模型: /sdcard/Android/data/org.stypox.dicio.master/files/models/asr/sensevoice/model.int8.onnx
09-21 01:48:49.122 12135 12191 D SenseVoiceRecognizer: 🔧 SenseVoiceRecognizer.create() 开始执行...
09-21 01:48:49.137 12135 12191 D ModelPathManager: ✅ 发现已有模型文件: /sdcard/Android/data/org.stypox.dicio.master/files/models/asr/sensevoice (2个文件)
09-21 01:48:49.138 12135 12191 D 📦[SenseVoiceModelManager]: 找到外部量化SenseVoice模型
09-21 01:48:49.138 12135 12191 D 📦[SenseVoiceModelManager]: ✅ 使用外部存储SenseVoice模型: /sdcard/Android/data/org.stypox.dicio.master/files/models/asr/sensevoice/model.int8.onnx
09-21 01:48:49.138 12135 12191 D SenseVoiceRecognizer: ✅ 模型路径获取成功:
09-21 01:48:49.138 12135 12191 D SenseVoiceRecognizer:    📂 模型: /sdcard/Android/data/org.stypox.dicio.master/files/models/asr/sensevoice/model.int8.onnx
09-21 01:48:49.138 12135 12191 D SenseVoiceRecognizer:    📄 Tokens: /sdcard/Android/data/org.stypox.dicio.master/files/models/asr/sensevoice/tokens.txt
09-21 01:48:49.138 12135 12191 D SenseVoiceRecognizer:    🔧 量化: true
09-21 01:48:49.139 12135 12191 D SenseVoiceRecognizer:    📱 来源: 文件系统
09-21 01:48:49.140 12135 12191 D SenseVoiceRecognizer: 📋 文件验证:
09-21 01:48:49.141 12135 12191 D SenseVoiceRecognizer:    - 模型文件存在: true (228MB)
09-21 01:48:49.142 12135 12191 D SenseVoiceRecognizer:    - Tokens文件存在: true (308KB)
09-21 01:48:49.142 12135 12191 D SenseVoiceRecognizer: 🔧 创建SenseVoice配置...
09-21 01:48:49.143 12135 12185 D ModelPathManager: ✅ 发现已有模型文件: /sdcard/Android/data/org.stypox.dicio.master/files/models/asr/sensevoice (2个文件)
09-21 01:48:49.151 12135 12191 D SenseVoiceRecognizer:    ✅ SenseVoice配置: model=/sdcard/Android/data/org.stypox.dicio.master/files/models/asr/sensevoice/model.int8.onnx
09-21 01:48:49.151 12135 12191 D SenseVoiceRecognizer:    ✅ 配置: threads=2, provider=cpu, decodingMethod=greedy_search
09-21 01:48:49.152 12135 12191 D SenseVoiceRecognizer:    🌍 语言支持: SenseVoice自动多语言检测
09-21 01:48:49.152 12135 12191 D SenseVoiceRecognizer:    📝 逆文本规范化: 启用
09-21 01:48:49.152 12135 12191 D SenseVoiceRecognizer: 🚀 创建OfflineRecognizer实例...
09-21 01:48:49.152 12135 12191 D SenseVoiceRecognizer:    💾 从文件系统加载模型
09-21 01:48:49.154 12135 12185 D ModelPathManager: ✅ 发现已有模型文件: /sdcard/Android/data/org.stypox.dicio.master/files/models/asr/sensevoice (2个文件)
09-21 01:48:49.163 12135 12185 D ModelPathManager: ✅ 发现已有模型文件: /sdcard/Android/data/org.stypox.dicio.master/files/models/asr/sensevoice (2个文件)
09-21 01:48:49.170 12135 12185 D ModelPathManager: ✅ 发现已有模型文件: /sdcard/Android/data/org.stypox.dicio.master/files/models/asr/sensevoice (2个文件)
09-21 01:48:49.177 12135 12185 D ModelPathManager: ✅ 发现已有模型文件: /sdcard/Android/data/org.stypox.dicio.master/files/models/asr/sensevoice (2个文件)
09-21 01:48:49.187 12135 12185 D ModelPathManager: ✅ 发现已有模型文件: /sdcard/Android/data/org.stypox.dicio.master/files/models/asr/sensevoice (2个文件)
09-21 01:48:49.194 12135 12185 D ModelPathManager: ✅ 发现已有模型文件: /sdcard/Android/data/org.stypox.dicio.master/files/models/asr/sensevoice (2个文件)
09-21 01:48:49.197 12135 12185 D 📦[SherpaOnnxWakeDevice]:    sensevoice: ✅
09-21 01:48:49.197 12135 12185 D 📦[SherpaOnnxWakeDevice]:      路径: /sdcard/Android/data/org.stypox.dicio.master/files/models/asr/sensevoice
09-21 01:48:49.201 12135 12191 W sherpa-onnx: rmer_ctc=OfflineZipformerCtcModelConfig(model=""), wenet_ctc=OfflineWenetCtcModelConfig(model=""), sense_voice=OfflineSenseVoice
09-21 01:48:49.201 12135 12191 W sherpa-onnx: ModelConfig(model="/sdcard/Android/data/org.stypox.dicio.master/files/models/asr/sensevoice/model.int8.onnx", language="", use_i
09-21 01:48:49.201 12135 12191 W sherpa-onnx: e), telespeech_ctc="", tokens="/sdcard/Android/data/org.stypox.dicio.master/files/models/asr/sensevoice/tokens.txt", num_threads
09-21 01:48:49.204 12135 12185 D ModelPathManager: ✅ 发现已有模型文件: /sdcard/Android/data/org.stypox.dicio.master/files/models/asr/sensevoice (2个文件)
09-21 01:48:51.722 12135 12135 D ModelPathManager: ✅ 发现已有模型文件: /sdcard/Android/data/org.stypox.dicio.master/files/models/asr/sensevoice (2个文件)
09-21 01:48:51.735 12135 12135 D ModelPathManager: ✅ 发现已有模型文件: /sdcard/Android/data/org.stypox.dicio.master/files/models/asr/sensevoice (2个文件)
09-21 01:48:51.747 12135 12135 D ModelPathManager: ✅ 发现已有模型文件: /sdcard/Android/data/org.stypox.dicio.master/files/models/asr/sensevoice (2个文件)
09-21 01:48:51.782 12135 12135 D ModelPathManager: ✅ 发现已有模型文件: /sdcard/Android/data/org.stypox.dicio.master/files/models/asr/sensevoice (2个文件)
09-21 01:49:14.624 12135 12191 D SenseVoiceRecognizer: ✅ OfflineRecognizer创建成功！
09-21 01:49:14.625 12135 12191 D SenseVoiceRecognizer: 🎉 SenseVoice识别器初始化完成
09-21 01:49:14.625 12135 12191 D SenseVoiceRecognizer: 🔗 实例ID: 14881226
09-21 01:49:14.626 12135 12186 W SenseVoiceInputDevice: ⚠️ VAD已被禁用，使用能量检测
09-21 01:49:14.626 12135 12186 D SenseVoiceInputDevice: ✅ 初始化完成
09-21 01:49:14.639 12135 12186 D ModelPathManager: ✅ 发现已有模型文件: /sdcard/Android/data/org.stypox.dicio.master/files/models/asr/sensevoice (2个文件)
09-21 01:49:14.639 12135 12186 D 📦[SenseVoiceModelManager]: 找到外部量化SenseVoice模型
09-21 01:49:14.639 12135 12186 D 📦[SenseVoiceModelManager]: ✅ 使用外部存储SenseVoice模型: /sdcard/Android/data/org.stypox.dicio.master/files/models/asr/sensevoice/model.int8.onnx
09-21 01:49:14.726 12135 12186 D SenseVoiceInputDevice: 📊 SenseVoice模型: 量化 (228MB, 25055个tokens)
09-21 01:49:14.726 12135 12186 D SenseVoiceInputDevice: ✅ [COROUTINE] initializeComponents()协程执行完成










09-21 01:51:25.868 12262 12262 D SttInputDeviceWrapper: 📝 [INIT] 读取配置完成: INPUT_DEVICE_SENSEVOICE
09-21 01:51:25.868 12262 12262 D SttInputDeviceWrapper: 🏗️ 构建STT输入设备: INPUT_DEVICE_SENSEVOICE
09-21 01:51:25.868 12262 12262 D SttInputDeviceWrapper:    🎙️ 获取SenseVoiceInputDevice单例
09-21 01:51:25.878 12262 12262 D SenseVoiceInputDevice: 🏗️ [INIT] SenseVoiceInputDevice构造函数开始
09-21 01:51:25.878 12262 12262 D SenseVoiceInputDevice: 🎤 SenseVoice输入设备正在初始化...
09-21 01:51:25.878 12262 12262 D SenseVoiceInputDevice: 🚀 [INIT] 启动协程初始化组件
09-21 01:51:25.879 12262 12314 D SenseVoiceInputDevice: 🔄 [COROUTINE] initializeComponents()协程开始执行
09-21 01:51:25.879 12262 12314 D SenseVoiceInputDevice: 🔧 开始初始化组件...
09-21 01:51:25.883 12262 12262 D SenseVoiceInputDevice: ✅ [INIT] SenseVoiceInputDevice构造函数完成
09-21 01:51:25.883 12262 12262 D SenseVoiceInputDevice: 🏗️ 创建SenseVoiceInputDevice单例实例
09-21 01:51:25.908 12262 12314 D ModelPathManager: ✅ 发现已有模型文件: /sdcard/Android/data/org.stypox.dicio.master/files/models/asr/sensevoice (2个文件)
09-21 01:51:25.909 12262 12314 D 📦[SenseVoiceModelManager]: 找到外部量化SenseVoice模型
09-21 01:51:25.910 12262 12314 D 📦[SenseVoiceModelManager]: ✅ 使用外部存储SenseVoice模型: /sdcard/Android/data/org.stypox.dicio.master/files/models/asr/sensevoice/model.int8.onnx
09-21 01:51:25.928 12262 12309 D SenseVoiceRecognizer: 🔧 SenseVoiceRecognizer.create() 开始执行...
09-21 01:51:25.936 12262 12309 D ModelPathManager: ✅ 发现已有模型文件: /sdcard/Android/data/org.stypox.dicio.master/files/models/asr/sensevoice (2个文件)
09-21 01:51:25.936 12262 12309 D 📦[SenseVoiceModelManager]: 找到外部量化SenseVoice模型
09-21 01:51:25.937 12262 12309 D 📦[SenseVoiceModelManager]: ✅ 使用外部存储SenseVoice模型: /sdcard/Android/data/org.stypox.dicio.master/files/models/asr/sensevoice/model.int8.onnx
09-21 01:51:25.937 12262 12309 D SenseVoiceRecognizer: ✅ 模型路径获取成功:
09-21 01:51:25.937 12262 12309 D SenseVoiceRecognizer:    📂 模型: /sdcard/Android/data/org.stypox.dicio.master/files/models/asr/sensevoice/model.int8.onnx
09-21 01:51:25.937 12262 12309 D SenseVoiceRecognizer:    📄 Tokens: /sdcard/Android/data/org.stypox.dicio.master/files/models/asr/sensevoice/tokens.txt
09-21 01:51:25.937 12262 12309 D SenseVoiceRecognizer:    🔧 量化: true
09-21 01:51:25.938 12262 12309 D SenseVoiceRecognizer:    📱 来源: 文件系统
09-21 01:51:25.938 12262 12309 D SenseVoiceRecognizer: 📋 文件验证:
09-21 01:51:25.938 12262 12309 D SenseVoiceRecognizer:    - 模型文件存在: true (228MB)
09-21 01:51:25.939 12262 12309 D SenseVoiceRecognizer:    - Tokens文件存在: true (308KB)
09-21 01:51:25.939 12262 12309 D SenseVoiceRecognizer: 🔧 创建SenseVoice配置...
09-21 01:51:25.941 12262 12314 D ModelPathManager: ✅ 发现已有模型文件: /sdcard/Android/data/org.stypox.dicio.master/files/models/asr/sensevoice (2个文件)
09-21 01:51:25.949 12262 12309 D SenseVoiceRecognizer:    ✅ SenseVoice配置: model=/sdcard/Android/data/org.stypox.dicio.master/files/models/asr/sensevoice/model.int8.onnx
09-21 01:51:25.949 12262 12309 D SenseVoiceRecognizer:    ✅ 配置: threads=2, provider=cpu, decodingMethod=greedy_search
09-21 01:51:25.950 12262 12309 D SenseVoiceRecognizer:    🌍 语言支持: SenseVoice自动多语言检测
09-21 01:51:25.950 12262 12314 D ModelPathManager: ✅ 发现已有模型文件: /sdcard/Android/data/org.stypox.dicio.master/files/models/asr/sensevoice (2个文件)
09-21 01:51:25.950 12262 12309 D SenseVoiceRecognizer:    📝 逆文本规范化: 启用
09-21 01:51:25.950 12262 12309 D SenseVoiceRecognizer: 🚀 创建OfflineRecognizer实例...
09-21 01:51:25.950 12262 12309 D SenseVoiceRecognizer:    💾 从文件系统加载模型
09-21 01:51:25.959 12262 12314 D ModelPathManager: ✅ 发现已有模型文件: /sdcard/Android/data/org.stypox.dicio.master/files/models/asr/sensevoice (2个文件)
09-21 01:51:25.967 12262 12314 D ModelPathManager: ✅ 发现已有模型文件: /sdcard/Android/data/org.stypox.dicio.master/files/models/asr/sensevoice (2个文件)
09-21 01:51:25.975 12262 12314 D ModelPathManager: ✅ 发现已有模型文件: /sdcard/Android/data/org.stypox.dicio.master/files/models/asr/sensevoice (2个文件)
09-21 01:51:25.983 12262 12314 D ModelPathManager: ✅ 发现已有模型文件: /sdcard/Android/data/org.stypox.dicio.master/files/models/asr/sensevoice (2个文件)
09-21 01:51:25.990 12262 12314 D ModelPathManager: ✅ 发现已有模型文件: /sdcard/Android/data/org.stypox.dicio.master/files/models/asr/sensevoice (2个文件)
09-21 01:51:25.994 12262 12314 D 📦[SherpaOnnxWakeDevice]:    sensevoice: ✅
09-21 01:51:25.994 12262 12314 D 📦[SherpaOnnxWakeDevice]:      路径: /sdcard/Android/data/org.stypox.dicio.master/files/models/asr/sensevoice
09-21 01:51:25.999 12262 12309 W sherpa-onnx: rmer_ctc=OfflineZipformerCtcModelConfig(model=""), wenet_ctc=OfflineWenetCtcModelConfig(model=""), sense_voice=OfflineSenseVoice
09-21 01:51:25.999 12262 12309 W sherpa-onnx: ModelConfig(model="/sdcard/Android/data/org.stypox.dicio.master/files/models/asr/sensevoice/model.int8.onnx", language="", use_i
09-21 01:51:26.000 12262 12309 W sherpa-onnx: e), telespeech_ctc="", tokens="/sdcard/Android/data/org.stypox.dicio.master/files/models/asr/sensevoice/tokens.txt", num_threads
09-21 01:51:26.001 12262 12314 D ModelPathManager: ✅ 发现已有模型文件: /sdcard/Android/data/org.stypox.dicio.master/files/models/asr/sensevoice (2个文件)
09-21 01:51:28.524 12262 12262 D ModelPathManager: ✅ 发现已有模型文件: /sdcard/Android/data/org.stypox.dicio.master/files/models/asr/sensevoice (2个文件)
09-21 01:51:28.541 12262 12262 D ModelPathManager: ✅ 发现已有模型文件: /sdcard/Android/data/org.stypox.dicio.master/files/models/asr/sensevoice (2个文件)
09-21 01:51:28.556 12262 12262 D ModelPathManager: ✅ 发现已有模型文件: /sdcard/Android/data/org.stypox.dicio.master/files/models/asr/sensevoice (2个文件)
09-21 01:51:28.566 12262 12262 D ModelPathManager: ✅ 发现已有模型文件: /sdcard/Android/data/org.stypox.dicio.master/files/models/asr/sensevoice (2个文件)



09-21 01:51:50.709 12262 12309 D SenseVoiceRecognizer: ✅ OfflineRecognizer创建成功！
09-21 01:51:50.709 12262 12309 D SenseVoiceRecognizer: 🎉 SenseVoice识别器初始化完成
09-21 01:51:50.709 12262 12309 D SenseVoiceRecognizer: 🔗 实例ID: 34111638
09-21 01:51:50.710 12262 12309 W SenseVoiceInputDevice: ⚠️ VAD已被禁用，使用能量检测
09-21 01:51:50.710 12262 12309 D SenseVoiceInputDevice: ✅ 初始化完成
09-21 01:51:50.722 12262 12309 D ModelPathManager: ✅ 发现已有模型文件: /sdcard/Android/data/org.stypox.dicio.master/files/models/asr/sensevoice (2个文件)
09-21 01:51:50.723 12262 12309 D 📦[SenseVoiceModelManager]: 找到外部量化SenseVoice模型
09-21 01:51:50.724 12262 12309 D 📦[SenseVoiceModelManager]: ✅ 使用外部存储SenseVoice模型: /sdcard/Android/data/org.stypox.dicio.master/files/models/asr/sensevoice/model.int8.onnx
09-21 01:51:50.849 12262 12309 D SenseVoiceInputDevice: 📊 SenseVoice模型: 量化 (228MB, 25055个tokens)
09-21 01:51:50.849 12262 12309 D SenseVoiceInputDevice: ✅ [COROUTINE] initializeComponents()协程执行完成
09-21 01:51:57.241 12262 12262 D SenseVoiceInputDevice: 🚀 启动语音识别
09-21 01:51:57.242 12262 12262 D SenseVoiceInputDevice: 🔄 状态已重置
09-21 01:51:57.247 12262 12313 D SenseVoiceInputDevice: 🎵 启动音频采集
09-21 01:51:57.247 12262 12311 D SenseVoiceInputDevice: 🔄 启动音频处理
09-21 01:51:57.299 12262 12313 D SenseVoiceInputDevice: ✅ 录制已启动
09-21 01:51:57.508 12262 12313 V SenseVoiceInputDevice: 📊 音频数据#1: size=1600, max=0.0035, min=-0.0038, avg=-0.000024
09-21 01:51:57.512 12262 12311 V SenseVoiceInputDevice: 🔊 音频能量: RMS=0.000951, 阈值=0.005000, 已检测=false
09-21 01:51:57.615 12262 12313 V SenseVoiceInputDevice: 📊 音频数据#2: size=1600, max=0.1670, min=-0.1791, avg=0.000006
09-21 01:51:57.617 12262 12311 D 🎤[SenseVoiceInputDevice]: 🔊 能量检测触发: RMS=0.028188 > threshold=0.005000
09-21 01:51:57.617 12262 12311 D 🎤[SenseVoiceInputDevice]: 🎙️ 检测到语音开始，已添加预缓冲音频 (3200样本)
09-21 01:51:57.618 12262 12311 D 🎤[SenseVoiceInputDevice]: 🔄 开始实时识别 (3200样本)
09-21 01:51:57.626 12262 12311 D 🎵[SenseVoiceRecognizer]: ✅ Recognizer ID: 34111638
09-21 01:51:57.626 12262 12311 D 🎵[SenseVoiceRecognizer]: 🔧 模型路径: /sdcard/Android/data/org.stypox.dicio.master/files/models/asr/sensevoice/model.int8.onnx
09-21 01:51:57.626 12262 12311 D 🎵[SenseVoiceRecognizer]: 📄 Tokens路径: /sdcard/Android/data/org.stypox.dicio.master/files/models/asr/sensevoice/tokens.txt
09-21 01:51:57.626 12262 12311 D 🎵[SenseVoiceRecognizer]: 🗂️ 来源: 文件系统
09-21 01:51:57.631 12262 12311 D 🎵[SenseVoiceRecognizer]: 开始SenseVoice识别，音频长度: 3200 (0.20秒)
09-21 01:51:57.632 12262 12311 D 🎵[SenseVoiceRecognizer]: 🎵 音频范围: [-0.17913818, 0.16699219]
09-21 01:51:57.632 12262 12311 D 🎵[SenseVoiceRecognizer]: 📋 音频数据已复制: 3200 samples
09-21 01:51:57.632 12262 12311 D 🎵[SenseVoiceRecognizer]: 准备创建stream...
09-21 01:51:57.635 12262 12311 D 🎵[SenseVoiceRecognizer]: ✅ Stream创建成功: 258231464
09-21 01:51:57.635 12262 12311 D 🎵[SenseVoiceRecognizer]: 向stream输入音频数据...
09-21 01:51:57.636 12262 12311 D 🎵[SenseVoiceRecognizer]: 音频数据输入完成
09-21 01:51:57.637 12262 12311 D 🎵[SenseVoiceRecognizer]: 开始解码识别...
09-21 01:51:57.707 12262 12313 V SenseVoiceInputDevice: 📊 音频数据#3: size=1600, max=0.1389, min=-0.1384, avg=-0.000086
09-21 01:51:58.034 12262 12311 D 🎵[SenseVoiceRecognizer]: 解码完成，准备获取结果...
09-21 01:51:58.034 12262 12311 D 🎵[SenseVoiceRecognizer]: 获取识别结果...
09-21 01:51:58.035 12262 12311 D 🎵[SenseVoiceRecognizer]: stream资源已释放
09-21 01:51:58.036 12262 12311 D 🎤[SenseVoiceRecognizer]: SenseVoice识别结果: "？"
09-21 01:51:58.040 12262 12262 D 🎤[SenseVoiceInputDevice]: 📤 首次发送: ？
09-21 01:51:58.045 12262 12316 D 🎤[SenseVoiceInputDevice]: 🔄 开始实时识别 (4800样本)
09-21 01:51:58.051 12262 12316 D 🎵[SenseVoiceRecognizer]: ✅ Recognizer ID: 34111638
09-21 01:51:58.052 12262 12316 D 🎵[SenseVoiceRecognizer]: 🔧 模型路径: /sdcard/Android/data/org.stypox.dicio.master/files/models/asr/sensevoice/model.int8.onnx
09-21 01:51:58.052 12262 12316 D 🎵[SenseVoiceRecognizer]: 📄 Tokens路径: /sdcard/Android/data/org.stypox.dicio.master/files/models/asr/sensevoice/tokens.txt
09-21 01:51:58.052 12262 12316 D 🎵[SenseVoiceRecognizer]: 🗂️ 来源: 文件系统
09-21 01:51:58.053 12262 12316 D 🎵[SenseVoiceRecognizer]: 开始SenseVoice识别，音频长度: 4800 (0.30秒)
09-21 01:51:58.053 12262 12316 D 🎵[SenseVoiceRecognizer]: 🎵 音频范围: [-0.17913818, 0.16699219]
09-21 01:51:58.053 12262 12316 D 🎵[SenseVoiceRecognizer]: 📋 音频数据已复制: 4800 samples
09-21 01:51:58.053 12262 12316 D 🎵[SenseVoiceRecognizer]: 准备创建stream...
09-21 01:51:58.054 12262 12316 D 🎵[SenseVoiceRecognizer]: ✅ Stream创建成功: 208443238
09-21 01:51:58.054 12262 12316 D 🎵[SenseVoiceRecognizer]: 向stream输入音频数据...
09-21 01:51:58.056 12262 12316 D 🎵[SenseVoiceRecognizer]: 音频数据输入完成
09-21 01:51:58.056 12262 12316 D 🎵[SenseVoiceRecognizer]: 开始解码识别...
09-21 01:51:58.471 12262 12316 D 🎵[SenseVoiceRecognizer]: 解码完成，准备获取结果...
09-21 01:51:58.471 12262 12316 D 🎵[SenseVoiceRecognizer]: 获取识别结果...
09-21 01:51:58.472 12262 12316 D 🎵[SenseVoiceRecognizer]: stream资源已释放
09-21 01:51:58.472 12262 12316 D 🎤[SenseVoiceRecognizer]: SenseVoice识别结果: "Yeah。"
09-21 01:51:58.474 12262 12262 D 🎤[SenseVoiceInputDevice]: 📤 更新结果: Yeah。
09-21 01:51:58.477 12262 12314 D 🎤[SenseVoiceInputDevice]: 🔄 开始实时识别 (6400样本)
09-21 01:51:58.479 12262 12314 D 🎵[SenseVoiceRecognizer]: ✅ Recognizer ID: 34111638
09-21 01:51:58.480 12262 12314 D 🎵[SenseVoiceRecognizer]: 🔧 模型路径: /sdcard/Android/data/org.stypox.dicio.master/files/models/asr/sensevoice/model.int8.onnx
09-21 01:51:58.480 12262 12314 D 🎵[SenseVoiceRecognizer]: 📄 Tokens路径: /sdcard/Android/data/org.stypox.dicio.master/files/models/asr/sensevoice/tokens.txt
09-21 01:51:58.480 12262 12314 D 🎵[SenseVoiceRecognizer]: 🗂️ 来源: 文件系统
09-21 01:51:58.480 12262 12314 D 🎵[SenseVoiceRecognizer]: 开始SenseVoice识别，音频长度: 6400 (0.40秒)
09-21 01:51:58.481 12262 12314 D 🎵[SenseVoiceRecognizer]: 🎵 音频范围: [-0.17913818, 0.16699219]
09-21 01:51:58.481 12262 12314 D 🎵[SenseVoiceRecognizer]: 📋 音频数据已复制: 6400 samples
09-21 01:51:58.481 12262 12314 D 🎵[SenseVoiceRecognizer]: 准备创建stream...
09-21 01:51:58.482 12262 12314 D 🎵[SenseVoiceRecognizer]: ✅ Stream创建成功: 268119351
09-21 01:51:58.482 12262 12314 D 🎵[SenseVoiceRecognizer]: 向stream输入音频数据...
09-21 01:51:58.484 12262 12314 D 🎵[SenseVoiceRecognizer]: 音频数据输入完成
09-21 01:51:58.484 12262 12314 D 🎵[SenseVoiceRecognizer]: 开始解码识别...
09-21 01:51:58.980 12262 12314 D 🎵[SenseVoiceRecognizer]: 解码完成，准备获取结果...
09-21 01:51:58.980 12262 12314 D 🎵[SenseVoiceRecognizer]: 获取识别结果...
09-21 01:51:58.981 12262 12314 D 🎵[SenseVoiceRecognizer]: stream资源已释放
09-21 01:51:58.981 12262 12314 D 🎤[SenseVoiceRecognizer]: SenseVoice识别结果: "Yeah."
09-21 01:51:58.986 12262 12262 D 🎤[SenseVoiceInputDevice]: 📤 更新结果: Yeah.
09-21 01:51:58.991 12262 12316 V SenseVoiceInputDevice: 🔊 音频能量: RMS=0.016622, 阈值=0.005000, 已检测=true
09-21 01:51:58.992 12262 12316 D 🎤[SenseVoiceInputDevice]: 🔄 开始实时识别 (8000样本)
09-21 01:51:58.994 12262 12316 D 🎵[SenseVoiceRecognizer]: ✅ Recognizer ID: 34111638
09-21 01:51:58.994 12262 12316 D 🎵[SenseVoiceRecognizer]: 🔧 模型路径: /sdcard/Android/data/org.stypox.dicio.master/files/models/asr/sensevoice/model.int8.onnx
09-21 01:51:58.995 12262 12316 D 🎵[SenseVoiceRecognizer]: 📄 Tokens路径: /sdcard/Android/data/org.stypox.dicio.master/files/models/asr/sensevoice/tokens.txt
09-21 01:51:58.996 12262 12316 D 🎵[SenseVoiceRecognizer]: 🗂️ 来源: 文件系统
09-21 01:51:58.998 12262 12316 D 🎵[SenseVoiceRecognizer]: 开始SenseVoice识别，音频长度: 8000 (0.50秒)
09-21 01:51:58.998 12262 12316 D 🎵[SenseVoiceRecognizer]: 🎵 音频范围: [-0.17913818, 0.16699219]
09-21 01:51:58.998 12262 12316 D 🎵[SenseVoiceRecognizer]: 📋 音频数据已复制: 8000 samples
09-21 01:51:58.998 12262 12316 D 🎵[SenseVoiceRecognizer]: 准备创建stream...
09-21 01:51:59.000 12262 12316 D 🎵[SenseVoiceRecognizer]: ✅ Stream创建成功: 173837359
09-21 01:51:59.000 12262 12316 D 🎵[SenseVoiceRecognizer]: 向stream输入音频数据...
09-21 01:51:59.003 12262 12316 D 🎵[SenseVoiceRecognizer]: 音频数据输入完成
09-21 01:51:59.003 12262 12316 D 🎵[SenseVoiceRecognizer]: 开始解码识别...
09-21 01:51:59.533 12262 12316 D 🎵[SenseVoiceRecognizer]: 解码完成，准备获取结果...
09-21 01:51:59.533 12262 12316 D 🎵[SenseVoiceRecognizer]: 获取识别结果...
09-21 01:51:59.534 12262 12316 D 🎵[SenseVoiceRecognizer]: stream资源已释放
09-21 01:51:59.534 12262 12316 D 🎤[SenseVoiceRecognizer]: SenseVoice识别结果: "Yeah."
09-21 01:51:59.544 12262 12262 D 🎤[SenseVoiceInputDevice]: 📤 更新结果: Yeah.
09-21 01:51:59.626 12262 12311 D 🎤[SenseVoiceInputDevice]: 🔄 开始实时识别 (9600样本)
09-21 01:51:59.628 12262 12311 D 🎵[SenseVoiceRecognizer]: ✅ Recognizer ID: 34111638
09-21 01:51:59.628 12262 12311 D 🎵[SenseVoiceRecognizer]: 🔧 模型路径: /sdcard/Android/data/org.stypox.dicio.master/files/models/asr/sensevoice/model.int8.onnx
09-21 01:51:59.628 12262 12311 D 🎵[SenseVoiceRecognizer]: 📄 Tokens路径: /sdcard/Android/data/org.stypox.dicio.master/files/models/asr/sensevoice/tokens.txt
09-21 01:51:59.628 12262 12311 D 🎵[SenseVoiceRecognizer]: 🗂️ 来源: 文件系统
09-21 01:51:59.629 12262 12311 D 🎵[SenseVoiceRecognizer]: 开始SenseVoice识别，音频长度: 9600 (0.60秒)
09-21 01:51:59.629 12262 12311 D 🎵[SenseVoiceRecognizer]: 🎵 音频范围: [-0.17913818, 0.16699219]
09-21 01:51:59.629 12262 12311 D 🎵[SenseVoiceRecognizer]: 📋 音频数据已复制: 9600 samples
09-21 01:51:59.629 12262 12311 D 🎵[SenseVoiceRecognizer]: 准备创建stream...
09-21 01:51:59.631 12262 12311 D 🎵[SenseVoiceRecognizer]: ✅ Stream创建成功: 72927514
09-21 01:51:59.631 12262 12311 D 🎵[SenseVoiceRecognizer]: 向stream输入音频数据...
09-21 01:51:59.634 12262 12311 D 🎵[SenseVoiceRecognizer]: 音频数据输入完成
09-21 01:51:59.634 12262 12311 D 🎵[SenseVoiceRecognizer]: 开始解码识别...
09-21 01:52:00.231 12262 12311 D 🎵[SenseVoiceRecognizer]: 解码完成，准备获取结果...
09-21 01:52:00.231 12262 12311 D 🎵[SenseVoiceRecognizer]: 获取识别结果...
09-21 01:52:00.231 12262 12311 D 🎵[SenseVoiceRecognizer]: stream资源已释放
09-21 01:52:00.231 12262 12311 D 🎤[SenseVoiceRecognizer]: SenseVoice识别结果: "Yeah."
09-21 01:52:00.244 12262 12262 D 🎤[SenseVoiceInputDevice]: 📤 更新结果: Yeah.
09-21 01:52:00.327 12262 12311 V SenseVoiceInputDevice: 🔊 音频能量: RMS=0.001479, 阈值=0.005000, 已检测=true
09-21 01:52:00.327 12262 12311 D 🎤[SenseVoiceInputDevice]: 🔄 开始实时识别 (11200样本)
09-21 01:52:00.329 12262 12311 D 🎵[SenseVoiceRecognizer]: ✅ Recognizer ID: 34111638
09-21 01:52:00.329 12262 12311 D 🎵[SenseVoiceRecognizer]: 🔧 模型路径: /sdcard/Android/data/org.stypox.dicio.master/files/models/asr/sensevoice/model.int8.onnx
09-21 01:52:00.329 12262 12311 D 🎵[SenseVoiceRecognizer]: 📄 Tokens路径: /sdcard/Android/data/org.stypox.dicio.master/files/models/asr/sensevoice/tokens.txt
09-21 01:52:00.329 12262 12311 D 🎵[SenseVoiceRecognizer]: 🗂️ 来源: 文件系统
09-21 01:52:00.330 12262 12311 D 🎵[SenseVoiceRecognizer]: 开始SenseVoice识别，音频长度: 11200 (0.70秒)
09-21 01:52:00.330 12262 12311 D 🎵[SenseVoiceRecognizer]: 🎵 音频范围: [-0.17913818, 0.16699219]
09-21 01:52:00.330 12262 12311 D 🎵[SenseVoiceRecognizer]: 📋 音频数据已复制: 11200 samples
09-21 01:52:00.330 12262 12311 D 🎵[SenseVoiceRecognizer]: 准备创建stream...
09-21 01:52:00.331 12262 12311 D 🎵[SenseVoiceRecognizer]: ✅ Stream创建成功: 187677771
09-21 01:52:00.331 12262 12311 D 🎵[SenseVoiceRecognizer]: 向stream输入音频数据...
09-21 01:52:00.335 12262 12311 D 🎵[SenseVoiceRecognizer]: 音频数据输入完成
09-21 01:52:00.335 12262 12311 D 🎵[SenseVoiceRecognizer]: 开始解码识别...
09-21 01:52:01.004 12262 12311 D 🎵[SenseVoiceRecognizer]: 解码完成，准备获取结果...
09-21 01:52:01.005 12262 12311 D 🎵[SenseVoiceRecognizer]: 获取识别结果...
09-21 01:52:01.005 12262 12311 D 🎵[SenseVoiceRecognizer]: stream资源已释放
09-21 01:52:01.005 12262 12311 D 🎤[SenseVoiceRecognizer]: SenseVoice识别结果: "."
09-21 01:52:01.007 12262 12262 D 🎤[SenseVoiceInputDevice]: 📤 更新结果: .
09-21 01:52:01.109 12262 12309 D 🎤[SenseVoiceInputDevice]: 🔄 开始实时识别 (12800样本)
09-21 01:52:01.111 12262 12309 D 🎵[SenseVoiceRecognizer]: ✅ Recognizer ID: 34111638
09-21 01:52:01.111 12262 12309 D 🎵[SenseVoiceRecognizer]: 🔧 模型路径: /sdcard/Android/data/org.stypox.dicio.master/files/models/asr/sensevoice/model.int8.onnx
09-21 01:52:01.111 12262 12309 D 🎵[SenseVoiceRecognizer]: 📄 Tokens路径: /sdcard/Android/data/org.stypox.dicio.master/files/models/asr/sensevoice/tokens.txt
09-21 01:52:01.111 12262 12309 D 🎵[SenseVoiceRecognizer]: 🗂️ 来源: 文件系统
09-21 01:52:01.112 12262 12309 D 🎵[SenseVoiceRecognizer]: 开始SenseVoice识别，音频长度: 12800 (0.80秒)
09-21 01:52:01.112 12262 12309 D 🎵[SenseVoiceRecognizer]: 🎵 音频范围: [-0.17913818, 0.16699219]
09-21 01:52:01.112 12262 12309 D 🎵[SenseVoiceRecognizer]: 📋 音频数据已复制: 12800 samples
09-21 01:52:01.112 12262 12309 D 🎵[SenseVoiceRecognizer]: 准备创建stream...
09-21 01:52:01.114 12262 12309 D 🎵[SenseVoiceRecognizer]: ✅ Stream创建成功: 153783508
09-21 01:52:01.114 12262 12309 D 🎵[SenseVoiceRecognizer]: 向stream输入音频数据...
09-21 01:52:01.118 12262 12309 D 🎵[SenseVoiceRecognizer]: 音频数据输入完成
09-21 01:52:01.118 12262 12309 D 🎵[SenseVoiceRecognizer]: 开始解码识别...
09-21 01:52:01.744 12262 12309 D 🎵[SenseVoiceRecognizer]: 解码完成，准备获取结果...
09-21 01:52:01.744 12262 12309 D 🎵[SenseVoiceRecognizer]: 获取识别结果...
09-21 01:52:01.744 12262 12309 D 🎵[SenseVoiceRecognizer]: stream资源已释放
09-21 01:52:01.745 12262 12309 D 🎤[SenseVoiceRecognizer]: SenseVoice识别结果: "Yeah."
09-21 01:52:01.746 12262 12262 D 🎤[SenseVoiceInputDevice]: 📤 更新结果: Yeah.
09-21 01:52:01.747 12262 12367 D SenseVoiceInputDevice: 🔇 检测到静音超时 (2760ms)
09-21 01:52:01.747 12262 12367 D SenseVoiceInputDevice: 🎯 开始最终识别
09-21 01:52:01.751 12262 12367 D SenseVoiceInputDevice: 🚀 执行最终识别，音频: 12800样本 (0.80秒)
09-21 01:52:01.753 12262 12367 D 🎵[SenseVoiceRecognizer]: ✅ Recognizer ID: 34111638
09-21 01:52:01.753 12262 12367 D 🎵[SenseVoiceRecognizer]: 🔧 模型路径: /sdcard/Android/data/org.stypox.dicio.master/files/models/asr/sensevoice/model.int8.onnx
09-21 01:52:01.753 12262 12367 D 🎵[SenseVoiceRecognizer]: 📄 Tokens路径: /sdcard/Android/data/org.stypox.dicio.master/files/models/asr/sensevoice/tokens.txt
09-21 01:52:01.753 12262 12367 D 🎵[SenseVoiceRecognizer]: 🗂️ 来源: 文件系统
09-21 01:52:01.754 12262 12367 D 🎵[SenseVoiceRecognizer]: 开始SenseVoice识别，音频长度: 12800 (0.80秒)
09-21 01:52:01.754 12262 12367 D 🎵[SenseVoiceRecognizer]: 🎵 音频范围: [-0.17913818, 0.16699219]
09-21 01:52:01.754 12262 12367 D 🎵[SenseVoiceRecognizer]: 📋 音频数据已复制: 12800 samples
09-21 01:52:01.754 12262 12367 D 🎵[SenseVoiceRecognizer]: 准备创建stream...
09-21 01:52:01.755 12262 12367 D 🎵[SenseVoiceRecognizer]: ✅ Stream创建成功: 234798717
09-21 01:52:01.755 12262 12367 D 🎵[SenseVoiceRecognizer]: 向stream输入音频数据...
09-21 01:52:01.759 12262 12367 D 🎵[SenseVoiceRecognizer]: 音频数据输入完成
09-21 01:52:01.759 12262 12367 D 🎵[SenseVoiceRecognizer]: 开始解码识别...
09-21 01:52:02.382 12262 12367 D 🎵[SenseVoiceRecognizer]: 解码完成，准备获取结果...
09-21 01:52:02.382 12262 12367 D 🎵[SenseVoiceRecognizer]: 获取识别结果...
09-21 01:52:02.382 12262 12367 D 🎵[SenseVoiceRecognizer]: stream资源已释放
09-21 01:52:02.382 12262 12367 D 🎤[SenseVoiceRecognizer]: SenseVoice识别结果: "Yeah."
09-21 01:52:02.383 12262 12367 D 🎤[SenseVoiceInputDevice]: ✅ 最终结果: "Yeah."
09-21 01:52:02.386 12262 12309 D SenseVoiceInputDevice: 🏁 音频处理结束，状态: Loaded
09-21 01:52:02.408 12262 12313 V SenseVoiceInputDevice: 📊 音频数据#50: size=1600, max=0.0194, min=-0.0193, avg=-0.000034
09-21 01:52:02.408 12262 12313 D SenseVoiceInputDevice: 🏁 音频采集结束
09-21 01:52:02.448 12262 12313 D SenseVoiceInputDevice: 🛑 AudioRecord已停止
09-21 01:52:02.457 12262 12313 D SenseVoiceInputDevice: ✅ AudioRecord已清理
09-21 01:52:02.641 12262 12313 D SenseVoiceInputDevice: 🚀 启动语音识别
09-21 01:52:02.642 12262 12313 D SenseVoiceInputDevice: 🔄 状态已重置
09-21 01:52:02.643 12262 12367 D SenseVoiceInputDevice: 🎵 启动音频采集
09-21 01:52:02.644 12262 12314 D SenseVoiceInputDevice: 🔄 启动音频处理
09-21 01:52:02.698 12262 12367 D SenseVoiceInputDevice: ✅ 录制已启动
09-21 01:52:02.903 12262 12367 V SenseVoiceInputDevice: 📊 音频数据#1: size=1600, max=0.0079, min=-0.0093, avg=-0.000013
09-21 01:52:02.905 12262 12314 V SenseVoiceInputDevice: 🔊 音频能量: RMS=0.002359, 阈值=0.005000, 已检测=false
09-21 01:52:03.003 12262 12367 V SenseVoiceInputDevice: 📊 音频数据#2: size=1600, max=0.1743, min=-0.1791, avg=-0.000073
09-21 01:52:03.005 12262 12314 D 🎤[SenseVoiceInputDevice]: 🔊 能量检测触发: RMS=0.038480 > threshold=0.005000
09-21 01:52:03.005 12262 12314 D 🎤[SenseVoiceInputDevice]: 🎙️ 检测到语音开始，已添加预缓冲音频 (3200样本)
09-21 01:52:03.006 12262 12314 D 🎤[SenseVoiceInputDevice]: 🔄 开始实时识别 (3200样本)
09-21 01:52:03.008 12262 12314 D 🎵[SenseVoiceRecognizer]: ✅ Recognizer ID: 34111638
09-21 01:52:03.008 12262 12314 D 🎵[SenseVoiceRecognizer]: 🔧 模型路径: /sdcard/Android/data/org.stypox.dicio.master/files/models/asr/sensevoice/model.int8.onnx
09-21 01:52:03.008 12262 12314 D 🎵[SenseVoiceRecognizer]: 📄 Tokens路径: /sdcard/Android/data/org.stypox.dicio.master/files/models/asr/sensevoice/tokens.txt
09-21 01:52:03.008 12262 12314 D 🎵[SenseVoiceRecognizer]: 🗂️ 来源: 文件系统
09-21 01:52:03.010 12262 12314 D 🎵[SenseVoiceRecognizer]: 开始SenseVoice识别，音频长度: 3200 (0.20秒)
09-21 01:52:03.010 12262 12314 D 🎵[SenseVoiceRecognizer]: 🎵 音频范围: [-0.17907715, 0.17425537]
09-21 01:52:03.010 12262 12314 D 🎵[SenseVoiceRecognizer]: 📋 音频数据已复制: 3200 samples
09-21 01:52:03.011 12262 12314 D 🎵[SenseVoiceRecognizer]: 准备创建stream...
09-21 01:52:03.013 12262 12314 D 🎵[SenseVoiceRecognizer]: ✅ Stream创建成功: 158568968
09-21 01:52:03.013 12262 12314 D 🎵[SenseVoiceRecognizer]: 向stream输入音频数据...
09-21 01:52:03.016 12262 12314 D 🎵[SenseVoiceRecognizer]: 音频数据输入完成
09-21 01:52:03.016 12262 12314 D 🎵[SenseVoiceRecognizer]: 开始解码识别...
09-21 01:52:03.104 12262 12367 V SenseVoiceInputDevice: 📊 音频数据#3: size=1600, max=0.1432, min=-0.1467, avg=-0.000010
09-21 01:52:03.458 12262 12314 D 🎵[SenseVoiceRecognizer]: 解码完成，准备获取结果...
09-21 01:52:03.458 12262 12314 D 🎵[SenseVoiceRecognizer]: 获取识别结果...
09-21 01:52:03.458 12262 12314 D 🎵[SenseVoiceRecognizer]: stream资源已释放
09-21 01:52:03.458 12262 12314 D 🎤[SenseVoiceRecognizer]: SenseVoice识别结果: "."
09-21 01:52:03.470 12262 12262 D 🎤[SenseVoiceInputDevice]: 📤 首次发送: .
09-21 01:52:03.472 12262 12313 D 🎤[SenseVoiceInputDevice]: 🔄 开始实时识别 (4800样本)
09-21 01:52:03.474 12262 12313 D 🎵[SenseVoiceRecognizer]: ✅ Recognizer ID: 34111638
09-21 01:52:03.474 12262 12313 D 🎵[SenseVoiceRecognizer]: 🔧 模型路径: /sdcard/Android/data/org.stypox.dicio.master/files/models/asr/sensevoice/model.int8.onnx
09-21 01:52:03.474 12262 12313 D 🎵[SenseVoiceRecognizer]: 📄 Tokens路径: /sdcard/Android/data/org.stypox.dicio.master/files/models/asr/sensevoice/tokens.txt
09-21 01:52:03.474 12262 12313 D 🎵[SenseVoiceRecognizer]: 🗂️ 来源: 文件系统
09-21 01:52:03.474 12262 12313 D 🎵[SenseVoiceRecognizer]: 开始SenseVoice识别，音频长度: 4800 (0.30秒)
09-21 01:52:03.475 12262 12313 D 🎵[SenseVoiceRecognizer]: 🎵 音频范围: [-0.17907715, 0.17425537]
09-21 01:52:03.475 12262 12313 D 🎵[SenseVoiceRecognizer]: 📋 音频数据已复制: 4800 samples
09-21 01:52:03.475 12262 12313 D 🎵[SenseVoiceRecognizer]: 准备创建stream...
09-21 01:52:03.477 12262 12313 D 🎵[SenseVoiceRecognizer]: ✅ Stream创建成功: 247614347
09-21 01:52:03.479 12262 12313 D 🎵[SenseVoiceRecognizer]: 向stream输入音频数据...
09-21 01:52:03.487 12262 12313 D 🎵[SenseVoiceRecognizer]: 音频数据输入完成
09-21 01:52:03.487 12262 12313 D 🎵[SenseVoiceRecognizer]: 开始解码识别...
09-21 01:52:03.900 12262 12313 D 🎵[SenseVoiceRecognizer]: 解码完成，准备获取结果...
09-21 01:52:03.900 12262 12313 D 🎵[SenseVoiceRecognizer]: 获取识别结果...
09-21 01:52:03.901 12262 12313 D 🎵[SenseVoiceRecognizer]: stream资源已释放
09-21 01:52:03.901 12262 12313 D 🎤[SenseVoiceRecognizer]: SenseVoice识别结果: "Yeah."
09-21 01:52:03.904 12262 12262 D 🎤[SenseVoiceInputDevice]: 📤 更新结果: Yeah.
09-21 01:52:03.908 12262 12314 V SenseVoiceInputDevice: 🔊 音频能量: RMS=0.031362, 阈值=0.005000, 已检测=true
09-21 01:52:03.908 12262 12314 D 🎤[SenseVoiceInputDevice]: 🔄 开始实时识别 (6400样本)
09-21 01:52:03.911 12262 12313 D 🎵[SenseVoiceRecognizer]: ✅ Recognizer ID: 34111638
09-21 01:52:03.911 12262 12313 D 🎵[SenseVoiceRecognizer]: 🔧 模型路径: /sdcard/Android/data/org.stypox.dicio.master/files/models/asr/sensevoice/model.int8.onnx
09-21 01:52:03.911 12262 12313 D 🎵[SenseVoiceRecognizer]: 📄 Tokens路径: /sdcard/Android/data/org.stypox.dicio.master/files/models/asr/sensevoice/tokens.txt
09-21 01:52:03.911 12262 12313 D 🎵[SenseVoiceRecognizer]: 🗂️ 来源: 文件系统
09-21 01:52:03.911 12262 12313 D 🎵[SenseVoiceRecognizer]: 开始SenseVoice识别，音频长度: 6400 (0.40秒)
09-21 01:52:03.912 12262 12313 D 🎵[SenseVoiceRecognizer]: 🎵 音频范围: [-0.17907715, 0.17425537]
09-21 01:52:03.912 12262 12313 D 🎵[SenseVoiceRecognizer]: 📋 音频数据已复制: 6400 samples
09-21 01:52:03.912 12262 12313 D 🎵[SenseVoiceRecognizer]: 准备创建stream...
09-21 01:52:03.913 12262 12313 D 🎵[SenseVoiceRecognizer]: ✅ Stream创建成功: 42944065
09-21 01:52:03.913 12262 12313 D 🎵[SenseVoiceRecognizer]: 向stream输入音频数据...
09-21 01:52:03.916 12262 12313 D 🎵[SenseVoiceRecognizer]: 音频数据输入完成
09-21 01:52:03.916 12262 12313 D 🎵[SenseVoiceRecognizer]: 开始解码识别...
09-21 01:52:04.414 12262 12313 D 🎵[SenseVoiceRecognizer]: 解码完成，准备获取结果...
09-21 01:52:04.414 12262 12313 D 🎵[SenseVoiceRecognizer]: 获取识别结果...
09-21 01:52:04.414 12262 12313 D 🎵[SenseVoiceRecognizer]: stream资源已释放
09-21 01:52:04.414 12262 12313 D 🎤[SenseVoiceRecognizer]: SenseVoice识别结果: "Yeah."
09-21 01:52:04.417 12262 12262 D 🎤[SenseVoiceInputDevice]: 📤 更新结果: Yeah.
09-21 01:52:04.420 12262 12314 D 🎤[SenseVoiceInputDevice]: 🔄 开始实时识别 (8000样本)
09-21 01:52:04.421 12262 12314 D 🎵[SenseVoiceRecognizer]: ✅ Recognizer ID: 34111638
09-21 01:52:04.421 12262 12314 D 🎵[SenseVoiceRecognizer]: 🔧 模型路径: /sdcard/Android/data/org.stypox.dicio.master/files/models/asr/sensevoice/model.int8.onnx
09-21 01:52:04.421 12262 12314 D 🎵[SenseVoiceRecognizer]: 📄 Tokens路径: /sdcard/Android/data/org.stypox.dicio.master/files/models/asr/sensevoice/tokens.txt
09-21 01:52:04.421 12262 12314 D 🎵[SenseVoiceRecognizer]: 🗂️ 来源: 文件系统
09-21 01:52:04.422 12262 12314 D 🎵[SenseVoiceRecognizer]: 开始SenseVoice识别，音频长度: 8000 (0.50秒)
09-21 01:52:04.422 12262 12314 D 🎵[SenseVoiceRecognizer]: 🎵 音频范围: [-0.17907715, 0.17425537]
09-21 01:52:04.422 12262 12314 D 🎵[SenseVoiceRecognizer]: 📋 音频数据已复制: 8000 samples
09-21 01:52:04.422 12262 12314 D 🎵[SenseVoiceRecognizer]: 准备创建stream...
09-21 01:52:04.424 12262 12314 D 🎵[SenseVoiceRecognizer]: ✅ Stream创建成功: 82148473
09-21 01:52:04.425 12262 12314 D 🎵[SenseVoiceRecognizer]: 向stream输入音频数据...
09-21 01:52:04.428 12262 12314 D 🎵[SenseVoiceRecognizer]: 音频数据输入完成
09-21 01:52:04.428 12262 12314 D 🎵[SenseVoiceRecognizer]: 开始解码识别...
09-21 01:52:04.977 12262 12314 D 🎵[SenseVoiceRecognizer]: 解码完成，准备获取结果...
09-21 01:52:04.977 12262 12314 D 🎵[SenseVoiceRecognizer]: 获取识别结果...
09-21 01:52:04.977 12262 12314 D 🎵[SenseVoiceRecognizer]: stream资源已释放
09-21 01:52:04.977 12262 12314 D 🎤[SenseVoiceRecognizer]: SenseVoice识别结果: "Yeah."
09-21 01:52:04.981 12262 12262 D 🎤[SenseVoiceInputDevice]: 📤 更新结果: Yeah.
09-21 01:52:05.066 12262 12314 V SenseVoiceInputDevice: 🔊 音频能量: RMS=0.002963, 阈值=0.005000, 已检测=true
09-21 01:52:05.066 12262 12314 D 🎤[SenseVoiceInputDevice]: 🔄 开始实时识别 (9600样本)
09-21 01:52:05.068 12262 12314 D 🎵[SenseVoiceRecognizer]: ✅ Recognizer ID: 34111638
09-21 01:52:05.068 12262 12314 D 🎵[SenseVoiceRecognizer]: 🔧 模型路径: /sdcard/Android/data/org.stypox.dicio.master/files/models/asr/sensevoice/model.int8.onnx
09-21 01:52:05.068 12262 12314 D 🎵[SenseVoiceRecognizer]: 📄 Tokens路径: /sdcard/Android/data/org.stypox.dicio.master/files/models/asr/sensevoice/tokens.txt
09-21 01:52:05.068 12262 12314 D 🎵[SenseVoiceRecognizer]: 🗂️ 来源: 文件系统
09-21 01:52:05.069 12262 12314 D 🎵[SenseVoiceRecognizer]: 开始SenseVoice识别，音频长度: 9600 (0.60秒)
09-21 01:52:05.069 12262 12314 D 🎵[SenseVoiceRecognizer]: 🎵 音频范围: [-0.17907715, 0.17425537]
09-21 01:52:05.070 12262 12314 D 🎵[SenseVoiceRecognizer]: 📋 音频数据已复制: 9600 samples
09-21 01:52:05.070 12262 12314 D 🎵[SenseVoiceRecognizer]: 准备创建stream...
09-21 01:52:05.071 12262 12314 D 🎵[SenseVoiceRecognizer]: ✅ Stream创建成功: 99452980
09-21 01:52:05.071 12262 12314 D 🎵[SenseVoiceRecognizer]: 向stream输入音频数据...
09-21 01:52:05.075 12262 12314 D 🎵[SenseVoiceRecognizer]: 音频数据输入完成
09-21 01:52:05.075 12262 12314 D 🎵[SenseVoiceRecognizer]: 开始解码识别...
09-21 01:52:05.641 12262 12314 D 🎵[SenseVoiceRecognizer]: 解码完成，准备获取结果...
09-21 01:52:05.641 12262 12314 D 🎵[SenseVoiceRecognizer]: 获取识别结果...
09-21 01:52:05.641 12262 12314 D 🎵[SenseVoiceRecognizer]: stream资源已释放
09-21 01:52:05.641 12262 12314 D 🎤[SenseVoiceRecognizer]: SenseVoice识别结果: "Yeah."
09-21 01:52:05.643 12262 12262 D 🎤[SenseVoiceInputDevice]: 📤 更新结果: Yeah.
09-21 01:52:05.726 12262 12316 D 🎤[SenseVoiceInputDevice]: 🔄 开始实时识别 (11200样本)
09-21 01:52:05.728 12262 12316 D 🎵[SenseVoiceRecognizer]: ✅ Recognizer ID: 34111638
09-21 01:52:05.728 12262 12316 D 🎵[SenseVoiceRecognizer]: 🔧 模型路径: /sdcard/Android/data/org.stypox.dicio.master/files/models/asr/sensevoice/model.int8.onnx
09-21 01:52:05.728 12262 12316 D 🎵[SenseVoiceRecognizer]: 📄 Tokens路径: /sdcard/Android/data/org.stypox.dicio.master/files/models/asr/sensevoice/tokens.txt
09-21 01:52:05.728 12262 12316 D 🎵[SenseVoiceRecognizer]: 🗂️ 来源: 文件系统
09-21 01:52:05.729 12262 12316 D 🎵[SenseVoiceRecognizer]: 开始SenseVoice识别，音频长度: 11200 (0.70秒)
09-21 01:52:05.729 12262 12316 D 🎵[SenseVoiceRecognizer]: 🎵 音频范围: [-0.17907715, 0.17425537]
09-21 01:52:05.729 12262 12316 D 🎵[SenseVoiceRecognizer]: 📋 音频数据已复制: 11200 samples
09-21 01:52:05.729 12262 12316 D 🎵[SenseVoiceRecognizer]: 准备创建stream...
09-21 01:52:05.730 12262 12316 D 🎵[SenseVoiceRecognizer]: ✅ Stream创建成功: 31131229
09-21 01:52:05.730 12262 12316 D 🎵[SenseVoiceRecognizer]: 向stream输入音频数据...
09-21 01:52:05.734 12262 12316 D 🎵[SenseVoiceRecognizer]: 音频数据输入完成
09-21 01:52:05.734 12262 12316 D 🎵[SenseVoiceRecognizer]: 开始解码识别...
09-21 01:52:06.383 12262 12316 D 🎵[SenseVoiceRecognizer]: 解码完成，准备获取结果...
09-21 01:52:06.383 12262 12316 D 🎵[SenseVoiceRecognizer]: 获取识别结果...
09-21 01:52:06.383 12262 12316 D 🎵[SenseVoiceRecognizer]: stream资源已释放
09-21 01:52:06.384 12262 12316 D 🎤[SenseVoiceRecognizer]: SenseVoice识别结果: "Yeah."
09-21 01:52:06.389 12262 12262 D 🎤[SenseVoiceInputDevice]: 📤 更新结果: Yeah.
09-21 01:52:06.471 12262 12316 V SenseVoiceInputDevice: 🔊 音频能量: RMS=0.000918, 阈值=0.005000, 已检测=true
09-21 01:52:06.471 12262 12316 D 🎤[SenseVoiceInputDevice]: 🔄 开始实时识别 (12800样本)
09-21 01:52:06.473 12262 12316 D 🎵[SenseVoiceRecognizer]: ✅ Recognizer ID: 34111638
09-21 01:52:06.474 12262 12316 D 🎵[SenseVoiceRecognizer]: 🔧 模型路径: /sdcard/Android/data/org.stypox.dicio.master/files/models/asr/sensevoice/model.int8.onnx
09-21 01:52:06.474 12262 12316 D 🎵[SenseVoiceRecognizer]: 📄 Tokens路径: /sdcard/Android/data/org.stypox.dicio.master/files/models/asr/sensevoice/tokens.txt
09-21 01:52:06.474 12262 12316 D 🎵[SenseVoiceRecognizer]: 🗂️ 来源: 文件系统
09-21 01:52:06.474 12262 12316 D 🎵[SenseVoiceRecognizer]: 开始SenseVoice识别，音频长度: 12800 (0.80秒)
09-21 01:52:06.474 12262 12316 D 🎵[SenseVoiceRecognizer]: 🎵 音频范围: [-0.17907715, 0.17425537]
09-21 01:52:06.475 12262 12316 D 🎵[SenseVoiceRecognizer]: 📋 音频数据已复制: 12800 samples
09-21 01:52:06.475 12262 12316 D 🎵[SenseVoiceRecognizer]: 准备创建stream...
09-21 01:52:06.476 12262 12316 D 🎵[SenseVoiceRecognizer]: ✅ Stream创建成功: 253770706
09-21 01:52:06.476 12262 12316 D 🎵[SenseVoiceRecognizer]: 向stream输入音频数据...
09-21 01:52:06.480 12262 12316 D 🎵[SenseVoiceRecognizer]: 音频数据输入完成
09-21 01:52:06.480 12262 12316 D 🎵[SenseVoiceRecognizer]: 开始解码识别...
09-21 01:52:07.113 12262 12316 D 🎵[SenseVoiceRecognizer]: 解码完成，准备获取结果...
09-21 01:52:07.113 12262 12316 D 🎵[SenseVoiceRecognizer]: 获取识别结果...
09-21 01:52:07.113 12262 12316 D 🎵[SenseVoiceRecognizer]: stream资源已释放
09-21 01:52:07.114 12262 12316 D 🎤[SenseVoiceRecognizer]: SenseVoice识别结果: "Yeah."
09-21 01:52:07.116 12262 12262 D 🎤[SenseVoiceInputDevice]: 📤 更新结果: Yeah.
09-21 01:52:07.117 12262 12313 D SenseVoiceInputDevice: 🔇 检测到静音超时 (2698ms)
09-21 01:52:07.117 12262 12313 D SenseVoiceInputDevice: 🎯 开始最终识别
09-21 01:52:07.117 12262 12313 D SenseVoiceInputDevice: 🚀 执行最终识别，音频: 12800样本 (0.80秒)
09-21 01:52:07.120 12262 12313 D 🎵[SenseVoiceRecognizer]: ✅ Recognizer ID: 34111638
09-21 01:52:07.120 12262 12313 D 🎵[SenseVoiceRecognizer]: 🔧 模型路径: /sdcard/Android/data/org.stypox.dicio.master/files/models/asr/sensevoice/model.int8.onnx
09-21 01:52:07.120 12262 12313 D 🎵[SenseVoiceRecognizer]: 📄 Tokens路径: /sdcard/Android/data/org.stypox.dicio.master/files/models/asr/sensevoice/tokens.txt
09-21 01:52:07.120 12262 12313 D 🎵[SenseVoiceRecognizer]: 🗂️ 来源: 文件系统
09-21 01:52:07.121 12262 12313 D 🎵[SenseVoiceRecognizer]: 开始SenseVoice识别，音频长度: 12800 (0.80秒)
09-21 01:52:07.121 12262 12313 D 🎵[SenseVoiceRecognizer]: 🎵 音频范围: [-0.17907715, 0.17425537]
09-21 01:52:07.121 12262 12313 D 🎵[SenseVoiceRecognizer]: 📋 音频数据已复制: 12800 samples
09-21 01:52:07.121 12262 12313 D 🎵[SenseVoiceRecognizer]: 准备创建stream...
09-21 01:52:07.122 12262 12313 D 🎵[SenseVoiceRecognizer]: ✅ Stream创建成功: 157263011
09-21 01:52:07.122 12262 12313 D 🎵[SenseVoiceRecognizer]: 向stream输入音频数据...
09-21 01:52:07.127 12262 12313 D 🎵[SenseVoiceRecognizer]: 音频数据输入完成
09-21 01:52:07.127 12262 12313 D 🎵[SenseVoiceRecognizer]: 开始解码识别...
09-21 01:52:07.768 12262 12313 D 🎵[SenseVoiceRecognizer]: 解码完成，准备获取结果...
09-21 01:52:07.768 12262 12313 D 🎵[SenseVoiceRecognizer]: 获取识别结果...
09-21 01:52:07.768 12262 12313 D 🎵[SenseVoiceRecognizer]: stream资源已释放
09-21 01:52:07.768 12262 12313 D 🎤[SenseVoiceRecognizer]: SenseVoice识别结果: "Yeah."
09-21 01:52:07.769 12262 12316 D 🎤[SenseVoiceInputDevice]: ✅ 最终结果: "Yeah."
09-21 01:52:07.776 12262 12311 D SenseVoiceInputDevice: 🏁 音频处理结束，状态: Loaded
09-21 01:52:07.805 12262 12367 V SenseVoiceInputDevice: 📊 音频数据#50: size=1600, max=0.0010, min=-0.0011, avg=-0.000019
09-21 01:52:07.805 12262 12367 D SenseVoiceInputDevice: 🏁 音频采集结束
09-21 01:52:07.844 12262 12367 D SenseVoiceInputDevice: 🛑 AudioRecord已停止
09-21 01:52:07.849 12262 12367 D SenseVoiceInputDevice: ✅ AudioRecord已清理
09-21 01:52:18.842 12262 12315 D SenseVoiceInputDevice: 🚀 启动语音识别
09-21 01:52:18.843 12262 12315 D SenseVoiceInputDevice: 🔄 状态已重置
09-21 01:52:18.844 12262 12311 D SenseVoiceInputDevice: 🎵 启动音频采集
09-21 01:52:18.845 12262 12367 D SenseVoiceInputDevice: 🔄 启动音频处理
09-21 01:52:18.881 12262 12311 D SenseVoiceInputDevice: ✅ 录制已启动
09-21 01:52:19.086 12262 12311 V SenseVoiceInputDevice: 📊 音频数据#1: size=1600, max=0.0006, min=-0.0007, avg=-0.000016
09-21 01:52:19.088 12262 12367 V SenseVoiceInputDevice: 🔊 音频能量: RMS=0.000188, 阈值=0.005000, 已检测=false
09-21 01:52:19.186 12262 12311 V SenseVoiceInputDevice: 📊 音频数据#2: size=1600, max=0.1540, min=-0.1516, avg=-0.000035
09-21 01:52:19.188 12262 12367 D 🎤[SenseVoiceInputDevice]: 🔊 能量检测触发: RMS=0.033711 > threshold=0.005000
09-21 01:52:19.188 12262 12367 D 🎤[SenseVoiceInputDevice]: 🎙️ 检测到语音开始，已添加预缓冲音频 (3200样本)
09-21 01:52:19.188 12262 12367 D 🎤[SenseVoiceInputDevice]: 🔄 开始实时识别 (3200样本)
09-21 01:52:19.189 12262 12367 D 🎵[SenseVoiceRecognizer]: ✅ Recognizer ID: 34111638
09-21 01:52:19.189 12262 12367 D 🎵[SenseVoiceRecognizer]: 🔧 模型路径: /sdcard/Android/data/org.stypox.dicio.master/files/models/asr/sensevoice/model.int8.onnx
09-21 01:52:19.189 12262 12367 D 🎵[SenseVoiceRecognizer]: 📄 Tokens路径: /sdcard/Android/data/org.stypox.dicio.master/files/models/asr/sensevoice/tokens.txt
09-21 01:52:19.189 12262 12367 D 🎵[SenseVoiceRecognizer]: 🗂️ 来源: 文件系统
09-21 01:52:19.190 12262 12367 D 🎵[SenseVoiceRecognizer]: 开始SenseVoice识别，音频长度: 3200 (0.20秒)
09-21 01:52:19.190 12262 12367 D 🎵[SenseVoiceRecognizer]: 🎵 音频范围: [-0.1515503, 0.1539917]
09-21 01:52:19.191 12262 12367 D 🎵[SenseVoiceRecognizer]: 📋 音频数据已复制: 3200 samples
09-21 01:52:19.191 12262 12367 D 🎵[SenseVoiceRecognizer]: 准备创建stream...
09-21 01:52:19.192 12262 12367 D 🎵[SenseVoiceRecognizer]: ✅ Stream创建成功: 172569465
09-21 01:52:19.192 12262 12367 D 🎵[SenseVoiceRecognizer]: 向stream输入音频数据...
09-21 01:52:19.194 12262 12367 D 🎵[SenseVoiceRecognizer]: 音频数据输入完成
09-21 01:52:19.194 12262 12367 D 🎵[SenseVoiceRecognizer]: 开始解码识别...
09-21 01:52:19.288 12262 12311 V SenseVoiceInputDevice: 📊 音频数据#3: size=1600, max=0.1256, min=-0.1225, avg=-0.000025
09-21 01:52:19.566 12262 12367 D 🎵[SenseVoiceRecognizer]: 解码完成，准备获取结果...
09-21 01:52:19.566 12262 12367 D 🎵[SenseVoiceRecognizer]: 获取识别结果...
09-21 01:52:19.567 12262 12367 D 🎵[SenseVoiceRecognizer]: stream资源已释放
09-21 01:52:19.567 12262 12367 D 🎤[SenseVoiceRecognizer]: SenseVoice识别结果: "？"
09-21 01:52:19.571 12262 12262 D 🎤[SenseVoiceInputDevice]: 📤 首次发送: ？
09-21 01:52:19.572 12262 12310 D 🎤[SenseVoiceInputDevice]: 🔄 开始实时识别 (4800样本)
09-21 01:52:19.574 12262 12310 D 🎵[SenseVoiceRecognizer]: ✅ Recognizer ID: 34111638
09-21 01:52:19.574 12262 12310 D 🎵[SenseVoiceRecognizer]: 🔧 模型路径: /sdcard/Android/data/org.stypox.dicio.master/files/models/asr/sensevoice/model.int8.onnx
09-21 01:52:19.574 12262 12310 D 🎵[SenseVoiceRecognizer]: 📄 Tokens路径: /sdcard/Android/data/org.stypox.dicio.master/files/models/asr/sensevoice/tokens.txt
09-21 01:52:19.574 12262 12310 D 🎵[SenseVoiceRecognizer]: 🗂️ 来源: 文件系统
09-21 01:52:19.575 12262 12310 D 🎵[SenseVoiceRecognizer]: 开始SenseVoice识别，音频长度: 4800 (0.30秒)
09-21 01:52:19.576 12262 12310 D 🎵[SenseVoiceRecognizer]: 🎵 音频范围: [-0.1515503, 0.1539917]
09-21 01:52:19.576 12262 12310 D 🎵[SenseVoiceRecognizer]: 📋 音频数据已复制: 4800 samples
09-21 01:52:19.576 12262 12310 D 🎵[SenseVoiceRecognizer]: 准备创建stream...
09-21 01:52:19.577 12262 12310 D 🎵[SenseVoiceRecognizer]: ✅ Stream创建成功: 158006559
09-21 01:52:19.577 12262 12310 D 🎵[SenseVoiceRecognizer]: 向stream输入音频数据...
09-21 01:52:19.579 12262 12310 D 🎵[SenseVoiceRecognizer]: 音频数据输入完成
09-21 01:52:19.579 12262 12310 D 🎵[SenseVoiceRecognizer]: 开始解码识别...
09-21 01:52:19.973 12262 12310 D 🎵[SenseVoiceRecognizer]: 解码完成，准备获取结果...
09-21 01:52:19.973 12262 12310 D 🎵[SenseVoiceRecognizer]: 获取识别结果...
09-21 01:52:19.973 12262 12310 D 🎵[SenseVoiceRecognizer]: stream资源已释放
09-21 01:52:19.973 12262 12310 D 🎤[SenseVoiceRecognizer]: SenseVoice识别结果: "Yeah。"
09-21 01:52:19.975 12262 12262 D 🎤[SenseVoiceInputDevice]: 📤 更新结果: Yeah。
09-21 01:52:19.976 12262 12367 D 🎤[SenseVoiceInputDevice]: 🔄 开始实时识别 (6400样本)
09-21 01:52:19.977 12262 12316 D 🎵[SenseVoiceRecognizer]: ✅ Recognizer ID: 34111638
09-21 01:52:19.977 12262 12316 D 🎵[SenseVoiceRecognizer]: 🔧 模型路径: /sdcard/Android/data/org.stypox.dicio.master/files/models/asr/sensevoice/model.int8.onnx
09-21 01:52:19.978 12262 12316 D 🎵[SenseVoiceRecognizer]: 📄 Tokens路径: /sdcard/Android/data/org.stypox.dicio.master/files/models/asr/sensevoice/tokens.txt
09-21 01:52:19.978 12262 12316 D 🎵[SenseVoiceRecognizer]: 🗂️ 来源: 文件系统
09-21 01:52:19.978 12262 12316 D 🎵[SenseVoiceRecognizer]: 开始SenseVoice识别，音频长度: 6400 (0.40秒)
09-21 01:52:19.978 12262 12316 D 🎵[SenseVoiceRecognizer]: 🎵 音频范围: [-0.1515503, 0.1539917]
09-21 01:52:19.979 12262 12316 D 🎵[SenseVoiceRecognizer]: 📋 音频数据已复制: 6400 samples
09-21 01:52:19.979 12262 12316 D 🎵[SenseVoiceRecognizer]: 准备创建stream...
09-21 01:52:19.980 12262 12316 D 🎵[SenseVoiceRecognizer]: ✅ Stream创建成功: 167222933
09-21 01:52:19.980 12262 12316 D 🎵[SenseVoiceRecognizer]: 向stream输入音频数据...
09-21 01:52:19.983 12262 12316 D 🎵[SenseVoiceRecognizer]: 音频数据输入完成
09-21 01:52:19.983 12262 12316 D 🎵[SenseVoiceRecognizer]: 开始解码识别...
09-21 01:52:20.462 12262 12316 D 🎵[SenseVoiceRecognizer]: 解码完成，准备获取结果...
09-21 01:52:20.463 12262 12316 D 🎵[SenseVoiceRecognizer]: 获取识别结果...
09-21 01:52:20.463 12262 12316 D 🎵[SenseVoiceRecognizer]: stream资源已释放
09-21 01:52:20.463 12262 12316 D 🎤[SenseVoiceRecognizer]: SenseVoice识别结果: "Yeah."
09-21 01:52:20.468 12262 12262 D 🎤[SenseVoiceInputDevice]: 📤 更新结果: Yeah.
09-21 01:52:20.473 12262 12309 V SenseVoiceInputDevice: 🔊 音频能量: RMS=0.048900, 阈值=0.005000, 已检测=true
09-21 01:52:20.473 12262 12309 D 🎤[SenseVoiceInputDevice]: 🔄 开始实时识别 (8000样本)
09-21 01:52:20.475 12262 12310 D 🎵[SenseVoiceRecognizer]: ✅ Recognizer ID: 34111638
09-21 01:52:20.475 12262 12310 D 🎵[SenseVoiceRecognizer]: 🔧 模型路径: /sdcard/Android/data/org.stypox.dicio.master/files/models/asr/sensevoice/model.int8.onnx
09-21 01:52:20.475 12262 12310 D 🎵[SenseVoiceRecognizer]: 📄 Tokens路径: /sdcard/Android/data/org.stypox.dicio.master/files/models/asr/sensevoice/tokens.txt
09-21 01:52:20.475 12262 12310 D 🎵[SenseVoiceRecognizer]: 🗂️ 来源: 文件系统
09-21 01:52:20.475 12262 12310 D 🎵[SenseVoiceRecognizer]: 开始SenseVoice识别，音频长度: 8000 (0.50秒)
09-21 01:52:20.476 12262 12310 D 🎵[SenseVoiceRecognizer]: 🎵 音频范围: [-0.1515503, 0.18621826]
09-21 01:52:20.476 12262 12310 D 🎵[SenseVoiceRecognizer]: 📋 音频数据已复制: 8000 samples
09-21 01:52:20.476 12262 12310 D 🎵[SenseVoiceRecognizer]: 准备创建stream...
09-21 01:52:20.477 12262 12310 D 🎵[SenseVoiceRecognizer]: ✅ Stream创建成功: 241037390
09-21 01:52:20.477 12262 12310 D 🎵[SenseVoiceRecognizer]: 向stream输入音频数据...
09-21 01:52:20.480 12262 12310 D 🎵[SenseVoiceRecognizer]: 音频数据输入完成
09-21 01:52:20.480 12262 12310 D 🎵[SenseVoiceRecognizer]: 开始解码识别...
09-21 01:52:21.010 12262 12310 D 🎵[SenseVoiceRecognizer]: 解码完成，准备获取结果...
09-21 01:52:21.010 12262 12310 D 🎵[SenseVoiceRecognizer]: 获取识别结果...
09-21 01:52:21.010 12262 12310 D 🎵[SenseVoiceRecognizer]: stream资源已释放
09-21 01:52:21.010 12262 12310 D 🎤[SenseVoiceRecognizer]: SenseVoice识别结果: "Yeah."
09-21 01:52:21.012 12262 12262 D 🎤[SenseVoiceInputDevice]: 📤 更新结果: Yeah.
09-21 01:52:21.097 12262 12309 D 🎤[SenseVoiceInputDevice]: 🔄 开始实时识别 (9600样本)
09-21 01:52:21.100 12262 12309 D 🎵[SenseVoiceRecognizer]: ✅ Recognizer ID: 34111638
09-21 01:52:21.100 12262 12309 D 🎵[SenseVoiceRecognizer]: 🔧 模型路径: /sdcard/Android/data/org.stypox.dicio.master/files/models/asr/sensevoice/model.int8.onnx
09-21 01:52:21.100 12262 12309 D 🎵[SenseVoiceRecognizer]: 📄 Tokens路径: /sdcard/Android/data/org.stypox.dicio.master/files/models/asr/sensevoice/tokens.txt
09-21 01:52:21.100 12262 12309 D 🎵[SenseVoiceRecognizer]: 🗂️ 来源: 文件系统
09-21 01:52:21.101 12262 12309 D 🎵[SenseVoiceRecognizer]: 开始SenseVoice识别，音频长度: 9600 (0.60秒)
09-21 01:52:21.101 12262 12309 D 🎵[SenseVoiceRecognizer]: 🎵 音频范围: [-0.24960327, 0.24951172]
09-21 01:52:21.102 12262 12309 D 🎵[SenseVoiceRecognizer]: 📋 音频数据已复制: 9600 samples
09-21 01:52:21.102 12262 12309 D 🎵[SenseVoiceRecognizer]: 准备创建stream...
09-21 01:52:21.103 12262 12309 D 🎵[SenseVoiceRecognizer]: ✅ Stream创建成功: 87054952
09-21 01:52:21.103 12262 12309 D 🎵[SenseVoiceRecognizer]: 向stream输入音频数据...
09-21 01:52:21.107 12262 12309 D 🎵[SenseVoiceRecognizer]: 音频数据输入完成
09-21 01:52:21.107 12262 12309 D 🎵[SenseVoiceRecognizer]: 开始解码识别...
09-21 01:52:21.737 12262 12309 D 🎵[SenseVoiceRecognizer]: 解码完成，准备获取结果...
09-21 01:52:21.737 12262 12309 D 🎵[SenseVoiceRecognizer]: 获取识别结果...
09-21 01:52:21.737 12262 12309 D 🎵[SenseVoiceRecognizer]: stream资源已释放
09-21 01:52:21.737 12262 12309 D 🎤[SenseVoiceRecognizer]: SenseVoice识别结果: "今。"
09-21 01:52:21.739 12262 12262 D 🎤[SenseVoiceInputDevice]: 📤 更新结果: 今。
09-21 01:52:21.826 12262 12313 V SenseVoiceInputDevice: 🔊 音频能量: RMS=0.058452, 阈值=0.005000, 已检测=true
09-21 01:52:21.826 12262 12313 D 🎤[SenseVoiceInputDevice]: 🔄 开始实时识别 (11200样本)
09-21 01:52:21.828 12262 12313 D 🎵[SenseVoiceRecognizer]: ✅ Recognizer ID: 34111638
09-21 01:52:21.828 12262 12313 D 🎵[SenseVoiceRecognizer]: 🔧 模型路径: /sdcard/Android/data/org.stypox.dicio.master/files/models/asr/sensevoice/model.int8.onnx
09-21 01:52:21.828 12262 12313 D 🎵[SenseVoiceRecognizer]: 📄 Tokens路径: /sdcard/Android/data/org.stypox.dicio.master/files/models/asr/sensevoice/tokens.txt
09-21 01:52:21.828 12262 12313 D 🎵[SenseVoiceRecognizer]: 🗂️ 来源: 文件系统
09-21 01:52:21.829 12262 12313 D 🎵[SenseVoiceRecognizer]: 开始SenseVoice识别，音频长度: 11200 (0.70秒)
09-21 01:52:21.830 12262 12313 D 🎵[SenseVoiceRecognizer]: 🎵 音频范围: [-0.24960327, 0.24951172]
09-21 01:52:21.830 12262 12313 D 🎵[SenseVoiceRecognizer]: 📋 音频数据已复制: 11200 samples
09-21 01:52:21.830 12262 12313 D 🎵[SenseVoiceRecognizer]: 准备创建stream...
09-21 01:52:21.831 12262 12313 D 🎵[SenseVoiceRecognizer]: ✅ Stream创建成功: 117793213
09-21 01:52:21.831 12262 12313 D 🎵[SenseVoiceRecognizer]: 向stream输入音频数据...
09-21 01:52:21.836 12262 12313 D 🎵[SenseVoiceRecognizer]: 音频数据输入完成
09-21 01:52:21.836 12262 12313 D 🎵[SenseVoiceRecognizer]: 开始解码识别...
09-21 01:52:22.490 12262 12313 D 🎵[SenseVoiceRecognizer]: 解码完成，准备获取结果...
09-21 01:52:22.491 12262 12313 D 🎵[SenseVoiceRecognizer]: 获取识别结果...
09-21 01:52:22.491 12262 12313 D 🎵[SenseVoiceRecognizer]: stream资源已释放
09-21 01:52:22.491 12262 12313 D 🎤[SenseVoiceRecognizer]: SenseVoice识别结果: "今天。"
09-21 01:52:22.493 12262 12262 D 🎤[SenseVoiceInputDevice]: 📤 更新结果: 今天。
09-21 01:52:22.577 12262 12316 D 🎤[SenseVoiceInputDevice]: 🔄 开始实时识别 (12800样本)
09-21 01:52:22.579 12262 12316 D 🎵[SenseVoiceRecognizer]: ✅ Recognizer ID: 34111638
09-21 01:52:22.580 12262 12316 D 🎵[SenseVoiceRecognizer]: 🔧 模型路径: /sdcard/Android/data/org.stypox.dicio.master/files/models/asr/sensevoice/model.int8.onnx
09-21 01:52:22.580 12262 12316 D 🎵[SenseVoiceRecognizer]: 📄 Tokens路径: /sdcard/Android/data/org.stypox.dicio.master/files/models/asr/sensevoice/tokens.txt
09-21 01:52:22.580 12262 12316 D 🎵[SenseVoiceRecognizer]: 🗂️ 来源: 文件系统
09-21 01:52:22.581 12262 12316 D 🎵[SenseVoiceRecognizer]: 开始SenseVoice识别，音频长度: 12800 (0.80秒)
09-21 01:52:22.581 12262 12316 D 🎵[SenseVoiceRecognizer]: 🎵 音频范围: [-0.24960327, 0.24951172]
09-21 01:52:22.582 12262 12316 D 🎵[SenseVoiceRecognizer]: 📋 音频数据已复制: 12800 samples
09-21 01:52:22.582 12262 12316 D 🎵[SenseVoiceRecognizer]: 准备创建stream...
09-21 01:52:22.583 12262 12316 D 🎵[SenseVoiceRecognizer]: ✅ Stream创建成功: 212399802
09-21 01:52:22.583 12262 12316 D 🎵[SenseVoiceRecognizer]: 向stream输入音频数据...
09-21 01:52:22.588 12262 12316 D 🎵[SenseVoiceRecognizer]: 音频数据输入完成
09-21 01:52:22.588 12262 12316 D 🎵[SenseVoiceRecognizer]: 开始解码识别...
09-21 01:52:23.250 12262 12316 D 🎵[SenseVoiceRecognizer]: 解码完成，准备获取结果...
09-21 01:52:23.250 12262 12316 D 🎵[SenseVoiceRecognizer]: 获取识别结果...
09-21 01:52:23.250 12262 12316 D 🎵[SenseVoiceRecognizer]: stream资源已释放
09-21 01:52:23.250 12262 12316 D 🎤[SenseVoiceRecognizer]: SenseVoice识别结果: "今天天。"
09-21 01:52:23.254 12262 12262 D 🎤[SenseVoiceInputDevice]: 📤 更新结果: 今天天。
09-21 01:52:23.342 12262 12313 V SenseVoiceInputDevice: 🔊 音频能量: RMS=0.032327, 阈值=0.005000, 已检测=true
09-21 01:52:23.342 12262 12313 D 🎤[SenseVoiceInputDevice]: 🔄 开始实时识别 (14400样本)
09-21 01:52:23.345 12262 12313 D 🎵[SenseVoiceRecognizer]: ✅ Recognizer ID: 34111638
09-21 01:52:23.345 12262 12313 D 🎵[SenseVoiceRecognizer]: 🔧 模型路径: /sdcard/Android/data/org.stypox.dicio.master/files/models/asr/sensevoice/model.int8.onnx
09-21 01:52:23.345 12262 12313 D 🎵[SenseVoiceRecognizer]: 📄 Tokens路径: /sdcard/Android/data/org.stypox.dicio.master/files/models/asr/sensevoice/tokens.txt
09-21 01:52:23.345 12262 12313 D 🎵[SenseVoiceRecognizer]: 🗂️ 来源: 文件系统
09-21 01:52:23.346 12262 12313 D 🎵[SenseVoiceRecognizer]: 开始SenseVoice识别，音频长度: 14400 (0.90秒)
09-21 01:52:23.346 12262 12313 D 🎵[SenseVoiceRecognizer]: 🎵 音频范围: [-0.24960327, 0.24951172]
09-21 01:52:23.346 12262 12313 D 🎵[SenseVoiceRecognizer]: 📋 音频数据已复制: 14400 samples
09-21 01:52:23.346 12262 12313 D 🎵[SenseVoiceRecognizer]: 准备创建stream...
09-21 01:52:23.348 12262 12313 D 🎵[SenseVoiceRecognizer]: ✅ Stream创建成功: 172765784
09-21 01:52:23.348 12262 12313 D 🎵[SenseVoiceRecognizer]: 向stream输入音频数据...
09-21 01:52:23.353 12262 12313 D 🎵[SenseVoiceRecognizer]: 音频数据输入完成
09-21 01:52:23.353 12262 12313 D 🎵[SenseVoiceRecognizer]: 开始解码识别...
09-21 01:52:23.987 12262 12311 V SenseVoiceInputDevice: 📊 音频数据#50: size=1600, max=0.0009, min=-0.0012, avg=-0.000003
09-21 01:52:24.117 12262 12313 D 🎵[SenseVoiceRecognizer]: 解码完成，准备获取结果...
09-21 01:52:24.117 12262 12313 D 🎵[SenseVoiceRecognizer]: 获取识别结果...
09-21 01:52:24.117 12262 12313 D 🎵[SenseVoiceRecognizer]: stream资源已释放
09-21 01:52:24.117 12262 12313 D 🎤[SenseVoiceRecognizer]: SenseVoice识别结果: "今天天气。"
09-21 01:52:24.125 12262 12262 D 🎤[SenseVoiceInputDevice]: 📤 更新结果: 今天天气。
09-21 01:52:24.216 12262 12310 D 🎤[SenseVoiceInputDevice]: 🔄 开始实时识别 (16000样本)
09-21 01:52:24.219 12262 12310 D 🎵[SenseVoiceRecognizer]: ✅ Recognizer ID: 34111638
09-21 01:52:24.220 12262 12310 D 🎵[SenseVoiceRecognizer]: 🔧 模型路径: /sdcard/Android/data/org.stypox.dicio.master/files/models/asr/sensevoice/model.int8.onnx
09-21 01:52:24.220 12262 12310 D 🎵[SenseVoiceRecognizer]: 📄 Tokens路径: /sdcard/Android/data/org.stypox.dicio.master/files/models/asr/sensevoice/tokens.txt
09-21 01:52:24.220 12262 12310 D 🎵[SenseVoiceRecognizer]: 🗂️ 来源: 文件系统
09-21 01:52:24.221 12262 12310 D 🎵[SenseVoiceRecognizer]: 开始SenseVoice识别，音频长度: 16000 (1.00秒)
09-21 01:52:24.221 12262 12310 D 🎵[SenseVoiceRecognizer]: 🎵 音频范围: [-0.24960327, 0.24951172]
09-21 01:52:24.221 12262 12310 D 🎵[SenseVoiceRecognizer]: 📋 音频数据已复制: 16000 samples
09-21 01:52:24.221 12262 12310 D 🎵[SenseVoiceRecognizer]: 准备创建stream...
09-21 01:52:24.223 12262 12310 D 🎵[SenseVoiceRecognizer]: ✅ Stream创建成功: 43490018
09-21 01:52:24.223 12262 12310 D 🎵[SenseVoiceRecognizer]: 向stream输入音频数据...
09-21 01:52:24.229 12262 12310 D 🎵[SenseVoiceRecognizer]: 音频数据输入完成
09-21 01:52:24.229 12262 12310 D 🎵[SenseVoiceRecognizer]: 开始解码识别...
09-21 01:52:25.034 12262 12310 D 🎵[SenseVoiceRecognizer]: 解码完成，准备获取结果...
09-21 01:52:25.034 12262 12310 D 🎵[SenseVoiceRecognizer]: 获取识别结果...
09-21 01:52:25.034 12262 12310 D 🎵[SenseVoiceRecognizer]: stream资源已释放
09-21 01:52:25.034 12262 12310 D 🎤[SenseVoiceRecognizer]: SenseVoice识别结果: "今天天气。"
09-21 01:52:25.038 12262 12262 D 🎤[SenseVoiceInputDevice]: 📤 更新结果: 今天天气。
09-21 01:52:25.158 12262 12309 V SenseVoiceInputDevice: 🔊 音频能量: RMS=0.069838, 阈值=0.005000, 已检测=true
09-21 01:52:25.159 12262 12309 D 🎤[SenseVoiceInputDevice]: 🔄 开始实时识别 (17600样本)
09-21 01:52:25.161 12262 12309 D 🎵[SenseVoiceRecognizer]: ✅ Recognizer ID: 34111638
09-21 01:52:25.161 12262 12309 D 🎵[SenseVoiceRecognizer]: 🔧 模型路径: /sdcard/Android/data/org.stypox.dicio.master/files/models/asr/sensevoice/model.int8.onnx
09-21 01:52:25.161 12262 12309 D 🎵[SenseVoiceRecognizer]: 📄 Tokens路径: /sdcard/Android/data/org.stypox.dicio.master/files/models/asr/sensevoice/tokens.txt
09-21 01:52:25.161 12262 12309 D 🎵[SenseVoiceRecognizer]: 🗂️ 来源: 文件系统
09-21 01:52:25.166 12262 12309 D 🎵[SenseVoiceRecognizer]: 开始SenseVoice识别，音频长度: 17600 (1.10秒)
09-21 01:52:25.166 12262 12309 D 🎵[SenseVoiceRecognizer]: 🎵 音频范围: [-0.26412964, 0.24951172]
09-21 01:52:25.167 12262 12309 D 🎵[SenseVoiceRecognizer]: 📋 音频数据已复制: 17600 samples
09-21 01:52:25.167 12262 12309 D 🎵[SenseVoiceRecognizer]: 准备创建stream...
09-21 01:52:25.168 12262 12309 D 🎵[SenseVoiceRecognizer]: ✅ Stream创建成功: 89286173
09-21 01:52:25.168 12262 12309 D 🎵[SenseVoiceRecognizer]: 向stream输入音频数据...
09-21 01:52:25.174 12262 12309 D 🎵[SenseVoiceRecognizer]: 音频数据输入完成
09-21 01:52:25.175 12262 12309 D 🎵[SenseVoiceRecognizer]: 开始解码识别...
09-21 01:52:26.017 12262 12309 D 🎵[SenseVoiceRecognizer]: 解码完成，准备获取结果...
09-21 01:52:26.018 12262 12309 D 🎵[SenseVoiceRecognizer]: 获取识别结果...
09-21 01:52:26.018 12262 12309 D 🎵[SenseVoiceRecognizer]: stream资源已释放
09-21 01:52:26.018 12262 12309 D 🎤[SenseVoiceRecognizer]: SenseVoice识别结果: "今天天气怎么。"
09-21 01:52:26.021 12262 12262 D 🎤[SenseVoiceInputDevice]: 📤 更新结果: 今天天气怎么。
09-21 01:52:26.106 12262 12367 D 🎤[SenseVoiceInputDevice]: 🔄 开始实时识别 (19200样本)
09-21 01:52:26.109 12262 12367 D 🎵[SenseVoiceRecognizer]: ✅ Recognizer ID: 34111638
09-21 01:52:26.109 12262 12367 D 🎵[SenseVoiceRecognizer]: 🔧 模型路径: /sdcard/Android/data/org.stypox.dicio.master/files/models/asr/sensevoice/model.int8.onnx
09-21 01:52:26.109 12262 12367 D 🎵[SenseVoiceRecognizer]: 📄 Tokens路径: /sdcard/Android/data/org.stypox.dicio.master/files/models/asr/sensevoice/tokens.txt
09-21 01:52:26.109 12262 12367 D 🎵[SenseVoiceRecognizer]: 🗂️ 来源: 文件系统
09-21 01:52:26.110 12262 12367 D 🎵[SenseVoiceRecognizer]: 开始SenseVoice识别，音频长度: 19200 (1.20秒)
09-21 01:52:26.110 12262 12367 D 🎵[SenseVoiceRecognizer]: 🎵 音频范围: [-0.26412964, 0.24951172]
09-21 01:52:26.110 12262 12367 D 🎵[SenseVoiceRecognizer]: 📋 音频数据已复制: 19200 samples
09-21 01:52:26.110 12262 12367 D 🎵[SenseVoiceRecognizer]: 准备创建stream...
09-21 01:52:26.112 12262 12367 D 🎵[SenseVoiceRecognizer]: ✅ Stream创建成功: 104993758
09-21 01:52:26.112 12262 12367 D 🎵[SenseVoiceRecognizer]: 向stream输入音频数据...
09-21 01:52:26.119 12262 12367 D 🎵[SenseVoiceRecognizer]: 音频数据输入完成
09-21 01:52:26.119 12262 12367 D 🎵[SenseVoiceRecognizer]: 开始解码识别...
09-21 01:52:27.082 12262 12367 D 🎵[SenseVoiceRecognizer]: 解码完成，准备获取结果...
09-21 01:52:27.082 12262 12367 D 🎵[SenseVoiceRecognizer]: 获取识别结果...
09-21 01:52:27.083 12262 12367 D 🎵[SenseVoiceRecognizer]: stream资源已释放
09-21 01:52:27.083 12262 12367 D 🎤[SenseVoiceRecognizer]: SenseVoice识别结果: "今天天气怎么样？"
09-21 01:52:27.089 12262 12262 D 🎤[SenseVoiceInputDevice]: 📤 更新结果: 今天天气怎么样？
09-21 01:52:27.186 12262 12313 V SenseVoiceInputDevice: 🔊 音频能量: RMS=0.066248, 阈值=0.005000, 已检测=true
09-21 01:52:27.186 12262 12313 D 🎤[SenseVoiceInputDevice]: 🔄 开始实时识别 (20800样本)
09-21 01:52:27.188 12262 12313 D 🎵[SenseVoiceRecognizer]: ✅ Recognizer ID: 34111638
09-21 01:52:27.188 12262 12313 D 🎵[SenseVoiceRecognizer]: 🔧 模型路径: /sdcard/Android/data/org.stypox.dicio.master/files/models/asr/sensevoice/model.int8.onnx
09-21 01:52:27.188 12262 12313 D 🎵[SenseVoiceRecognizer]: 📄 Tokens路径: /sdcard/Android/data/org.stypox.dicio.master/files/models/asr/sensevoice/tokens.txt
09-21 01:52:27.188 12262 12313 D 🎵[SenseVoiceRecognizer]: 🗂️ 来源: 文件系统
09-21 01:52:27.189 12262 12313 D 🎵[SenseVoiceRecognizer]: 开始SenseVoice识别，音频长度: 20800 (1.30秒)
09-21 01:52:27.190 12262 12313 D 🎵[SenseVoiceRecognizer]: 🎵 音频范围: [-0.26412964, 0.24951172]
09-21 01:52:27.190 12262 12313 D 🎵[SenseVoiceRecognizer]: 📋 音频数据已复制: 20800 samples
09-21 01:52:27.190 12262 12313 D 🎵[SenseVoiceRecognizer]: 准备创建stream...
09-21 01:52:27.192 12262 12313 D 🎵[SenseVoiceRecognizer]: ✅ Stream创建成功: 168523615
09-21 01:52:27.192 12262 12313 D 🎵[SenseVoiceRecognizer]: 向stream输入音频数据...
09-21 01:52:27.199 12262 12313 D 🎵[SenseVoiceRecognizer]: 音频数据输入完成
09-21 01:52:27.199 12262 12313 D 🎵[SenseVoiceRecognizer]: 开始解码识别...
09-21 01:52:28.257 12262 12313 D 🎵[SenseVoiceRecognizer]: 解码完成，准备获取结果...
09-21 01:52:28.257 12262 12313 D 🎵[SenseVoiceRecognizer]: 获取识别结果...
09-21 01:52:28.258 12262 12313 D 🎵[SenseVoiceRecognizer]: stream资源已释放
09-21 01:52:28.258 12262 12313 D 🎤[SenseVoiceRecognizer]: SenseVoice识别结果: "今天天气怎么样？"
09-21 01:52:28.260 12262 12262 D 🎤[SenseVoiceInputDevice]: 📤 更新结果: 今天天气怎么样？
09-21 01:52:28.374 12262 12316 V SenseVoiceInputDevice: 🔊 音频能量: RMS=0.054792, 阈值=0.005000, 已检测=true
09-21 01:52:28.374 12262 12316 D 🎤[SenseVoiceInputDevice]: 🔄 开始实时识别 (22400样本)
09-21 01:52:28.378 12262 12316 D 🎵[SenseVoiceRecognizer]: ✅ Recognizer ID: 34111638
09-21 01:52:28.378 12262 12316 D 🎵[SenseVoiceRecognizer]: 🔧 模型路径: /sdcard/Android/data/org.stypox.dicio.master/files/models/asr/sensevoice/model.int8.onnx
09-21 01:52:28.378 12262 12316 D 🎵[SenseVoiceRecognizer]: 📄 Tokens路径: /sdcard/Android/data/org.stypox.dicio.master/files/models/asr/sensevoice/tokens.txt
09-21 01:52:28.378 12262 12316 D 🎵[SenseVoiceRecognizer]: 🗂️ 来源: 文件系统
09-21 01:52:28.379 12262 12316 D 🎵[SenseVoiceRecognizer]: 开始SenseVoice识别，音频长度: 22400 (1.40秒)
09-21 01:52:28.380 12262 12316 D 🎵[SenseVoiceRecognizer]: 🎵 音频范围: [-0.26412964, 0.24951172]
09-21 01:52:28.380 12262 12316 D 🎵[SenseVoiceRecognizer]: 📋 音频数据已复制: 22400 samples
09-21 01:52:28.380 12262 12316 D 🎵[SenseVoiceRecognizer]: 准备创建stream...
09-21 01:52:28.382 12262 12316 D 🎵[SenseVoiceRecognizer]: ✅ Stream创建成功: 86536130
09-21 01:52:28.382 12262 12316 D 🎵[SenseVoiceRecognizer]: 向stream输入音频数据...
09-21 01:52:28.390 12262 12316 D 🎵[SenseVoiceRecognizer]: 音频数据输入完成
09-21 01:52:28.390 12262 12316 D 🎵[SenseVoiceRecognizer]: 开始解码识别...
09-21 01:52:28.986 12262 12311 V SenseVoiceInputDevice: 📊 音频数据#100: size=1600, max=0.0017, min=-0.0020, avg=0.000031
09-21 01:52:29.411 12262 12316 D 🎵[SenseVoiceRecognizer]: 解码完成，准备获取结果...
09-21 01:52:29.411 12262 12316 D 🎵[SenseVoiceRecognizer]: 获取识别结果...
09-21 01:52:29.411 12262 12316 D 🎵[SenseVoiceRecognizer]: stream资源已释放
09-21 01:52:29.411 12262 12316 D 🎤[SenseVoiceRecognizer]: SenseVoice识别结果: "今天天气怎么样？"
09-21 01:52:29.413 12262 12262 D 🎤[SenseVoiceInputDevice]: 📤 更新结果: 今天天气怎么样？
09-21 01:52:29.496 12262 12316 V SenseVoiceInputDevice: 🔊 音频能量: RMS=0.009924, 阈值=0.005000, 已检测=true
09-21 01:52:29.497 12262 12316 D 🎤[SenseVoiceInputDevice]: 🔄 开始实时识别 (24000样本)
09-21 01:52:29.499 12262 12316 D 🎵[SenseVoiceRecognizer]: ✅ Recognizer ID: 34111638
09-21 01:52:29.500 12262 12316 D 🎵[SenseVoiceRecognizer]: 🔧 模型路径: /sdcard/Android/data/org.stypox.dicio.master/files/models/asr/sensevoice/model.int8.onnx
09-21 01:52:29.500 12262 12316 D 🎵[SenseVoiceRecognizer]: 📄 Tokens路径: /sdcard/Android/data/org.stypox.dicio.master/files/models/asr/sensevoice/tokens.txt
09-21 01:52:29.500 12262 12316 D 🎵[SenseVoiceRecognizer]: 🗂️ 来源: 文件系统
09-21 01:52:29.502 12262 12316 D 🎵[SenseVoiceRecognizer]: 开始SenseVoice识别，音频长度: 24000 (1.50秒)
09-21 01:52:29.502 12262 12316 D 🎵[SenseVoiceRecognizer]: 🎵 音频范围: [-0.26412964, 0.24951172]
09-21 01:52:29.503 12262 12316 D 🎵[SenseVoiceRecognizer]: 📋 音频数据已复制: 24000 samples
09-21 01:52:29.503 12262 12316 D 🎵[SenseVoiceRecognizer]: 准备创建stream...
09-21 01:52:29.504 12262 12316 D 🎵[SenseVoiceRecognizer]: ✅ Stream创建成功: 6792201
09-21 01:52:29.504 12262 12316 D 🎵[SenseVoiceRecognizer]: 向stream输入音频数据...
09-21 01:52:29.513 12262 12316 D 🎵[SenseVoiceRecognizer]: 音频数据输入完成
09-21 01:52:29.513 12262 12316 D 🎵[SenseVoiceRecognizer]: 开始解码识别...
09-21 01:52:30.630 12262 12316 D 🎵[SenseVoiceRecognizer]: 解码完成，准备获取结果...
09-21 01:52:30.630 12262 12316 D 🎵[SenseVoiceRecognizer]: 获取识别结果...
09-21 01:52:30.631 12262 12316 D 🎵[SenseVoiceRecognizer]: stream资源已释放
09-21 01:52:30.631 12262 12316 D 🎤[SenseVoiceRecognizer]: SenseVoice识别结果: "今天天气怎么样？"
09-21 01:52:30.632 12262 12262 D 🎤[SenseVoiceInputDevice]: 📤 更新结果: 今天天气怎么样？
09-21 01:52:30.717 12262 12316 V SenseVoiceInputDevice: 🔊 音频能量: RMS=0.002420, 阈值=0.005000, 已检测=true
09-21 01:52:30.717 12262 12316 D 🎤[SenseVoiceInputDevice]: 🔄 开始实时识别 (25600样本)
09-21 01:52:30.720 12262 12316 D 🎵[SenseVoiceRecognizer]: ✅ Recognizer ID: 34111638
09-21 01:52:30.721 12262 12316 D 🎵[SenseVoiceRecognizer]: 🔧 模型路径: /sdcard/Android/data/org.stypox.dicio.master/files/models/asr/sensevoice/model.int8.onnx
09-21 01:52:30.721 12262 12316 D 🎵[SenseVoiceRecognizer]: 📄 Tokens路径: /sdcard/Android/data/org.stypox.dicio.master/files/models/asr/sensevoice/tokens.txt
09-21 01:52:30.721 12262 12316 D 🎵[SenseVoiceRecognizer]: 🗂️ 来源: 文件系统
09-21 01:52:30.722 12262 12316 D 🎵[SenseVoiceRecognizer]: 开始SenseVoice识别，音频长度: 25600 (1.60秒)
09-21 01:52:30.722 12262 12316 D 🎵[SenseVoiceRecognizer]: 🎵 音频范围: [-0.26412964, 0.24951172]
09-21 01:52:30.722 12262 12316 D 🎵[SenseVoiceRecognizer]: 📋 音频数据已复制: 25600 samples
09-21 01:52:30.723 12262 12316 D 🎵[SenseVoiceRecognizer]: 准备创建stream...
09-21 01:52:30.724 12262 12316 D 🎵[SenseVoiceRecognizer]: ✅ Stream创建成功: 135382542
09-21 01:52:30.724 12262 12316 D 🎵[SenseVoiceRecognizer]: 向stream输入音频数据...
09-21 01:52:30.734 12262 12316 D 🎵[SenseVoiceRecognizer]: 音频数据输入完成
09-21 01:52:30.734 12262 12316 D 🎵[SenseVoiceRecognizer]: 开始解码识别...
09-21 01:52:31.918 12262 12316 D 🎵[SenseVoiceRecognizer]: 解码完成，准备获取结果...
09-21 01:52:31.918 12262 12316 D 🎵[SenseVoiceRecognizer]: 获取识别结果...
09-21 01:52:31.918 12262 12316 D 🎵[SenseVoiceRecognizer]: stream资源已释放
09-21 01:52:31.918 12262 12316 D 🎤[SenseVoiceRecognizer]: SenseVoice识别结果: "今天天气怎么样？"
09-21 01:52:31.920 12262 12262 D 🎤[SenseVoiceInputDevice]: 📤 更新结果: 今天天气怎么样？
09-21 01:52:31.920 12262 12316 D SenseVoiceInputDevice: 🔇 检测到静音超时 (2507ms)
09-21 01:52:31.921 12262 12316 D SenseVoiceInputDevice: 🎯 开始最终识别
09-21 01:52:31.921 12262 12316 D SenseVoiceInputDevice: 🚀 执行最终识别，音频: 25600样本 (1.60秒)
09-21 01:52:31.924 12262 12316 D 🎵[SenseVoiceRecognizer]: ✅ Recognizer ID: 34111638
09-21 01:52:31.924 12262 12316 D 🎵[SenseVoiceRecognizer]: 🔧 模型路径: /sdcard/Android/data/org.stypox.dicio.master/files/models/asr/sensevoice/model.int8.onnx
09-21 01:52:31.924 12262 12316 D 🎵[SenseVoiceRecognizer]: 📄 Tokens路径: /sdcard/Android/data/org.stypox.dicio.master/files/models/asr/sensevoice/tokens.txt
09-21 01:52:31.925 12262 12316 D 🎵[SenseVoiceRecognizer]: 🗂️ 来源: 文件系统
09-21 01:52:31.925 12262 12316 D 🎵[SenseVoiceRecognizer]: 开始SenseVoice识别，音频长度: 25600 (1.60秒)
09-21 01:52:31.925 12262 12316 D 🎵[SenseVoiceRecognizer]: 🎵 音频范围: [-0.26412964, 0.24951172]
09-21 01:52:31.926 12262 12316 D 🎵[SenseVoiceRecognizer]: 📋 音频数据已复制: 25600 samples
09-21 01:52:31.926 12262 12316 D 🎵[SenseVoiceRecognizer]: 准备创建stream...
09-21 01:52:31.927 12262 12316 D 🎵[SenseVoiceRecognizer]: ✅ Stream创建成功: 113100847
09-21 01:52:31.927 12262 12316 D 🎵[SenseVoiceRecognizer]: 向stream输入音频数据...
09-21 01:52:31.936 12262 12316 D 🎵[SenseVoiceRecognizer]: 音频数据输入完成
09-21 01:52:31.936 12262 12316 D 🎵[SenseVoiceRecognizer]: 开始解码识别...
09-21 01:52:33.077 12262 12316 D 🎵[SenseVoiceRecognizer]: 解码完成，准备获取结果...
09-21 01:52:33.077 12262 12316 D 🎵[SenseVoiceRecognizer]: 获取识别结果...
09-21 01:52:33.078 12262 12316 D 🎵[SenseVoiceRecognizer]: stream资源已释放
09-21 01:52:33.078 12262 12316 D 🎤[SenseVoiceRecognizer]: SenseVoice识别结果: "今天天气怎么样？"
09-21 01:52:33.078 12262 12313 D 🎤[SenseVoiceInputDevice]: ✅ 最终结果: "今天天气怎么样？"
09-21 01:52:33.082 12262 12316 D SenseVoiceInputDevice: 🏁 音频处理结束，状态: Loaded
09-21 01:52:33.084 12262 12311 D SenseVoiceInputDevice: 🏁 音频采集结束
09-21 01:52:33.130 12262 12311 D SenseVoiceInputDevice: 🛑 AudioRecord已停止
09-21 01:52:33.142 12262 12311 D SenseVoiceInputDevice: ✅ AudioRecord已清理
09-21 01:52:33.256 12262 12311 D SenseVoiceInputDevice: 🚀 启动语音识别
09-21 01:52:33.256 12262 12311 D SenseVoiceInputDevice: 🔄 状态已重置
09-21 01:52:33.258 12262 12313 D SenseVoiceInputDevice: 🔄 启动音频处理
09-21 01:52:33.258 12262 12309 D SenseVoiceInputDevice: 🎵 启动音频采集
09-21 01:52:33.287 12262 12309 D SenseVoiceInputDevice: ✅ 录制已启动
09-21 01:52:33.494 12262 12309 V SenseVoiceInputDevice: 📊 音频数据#1: size=1600, max=0.0014, min=-0.0016, avg=-0.000023
09-21 01:52:33.495 12262 12313 V SenseVoiceInputDevice: 🔊 音频能量: RMS=0.000432, 阈值=0.005000, 已检测=false
09-21 01:52:33.592 12262 12309 V SenseVoiceInputDevice: 📊 音频数据#2: size=1600, max=0.2036, min=-0.1985, avg=-0.000076
09-21 01:52:33.594 12262 12313 D 🎤[SenseVoiceInputDevice]: 🔊 能量检测触发: RMS=0.044643 > threshold=0.005000
09-21 01:52:33.594 12262 12313 D 🎤[SenseVoiceInputDevice]: 🎙️ 检测到语音开始，已添加预缓冲音频 (3200样本)
09-21 01:52:33.595 12262 12313 D 🎤[SenseVoiceInputDevice]: 🔄 开始实时识别 (3200样本)
09-21 01:52:33.597 12262 12313 D 🎵[SenseVoiceRecognizer]: ✅ Recognizer ID: 34111638
09-21 01:52:33.597 12262 12313 D 🎵[SenseVoiceRecognizer]: 🔧 模型路径: /sdcard/Android/data/org.stypox.dicio.master/files/models/asr/sensevoice/model.int8.onnx
09-21 01:52:33.597 12262 12313 D 🎵[SenseVoiceRecognizer]: 📄 Tokens路径: /sdcard/Android/data/org.stypox.dicio.master/files/models/asr/sensevoice/tokens.txt
09-21 01:52:33.597 12262 12313 D 🎵[SenseVoiceRecognizer]: 🗂️ 来源: 文件系统
09-21 01:52:33.598 12262 12313 D 🎵[SenseVoiceRecognizer]: 开始SenseVoice识别，音频长度: 3200 (0.20秒)
09-21 01:52:33.598 12262 12313 D 🎵[SenseVoiceRecognizer]: 🎵 音频范围: [-0.19845581, 0.20358276]
09-21 01:52:33.598 12262 12313 D 🎵[SenseVoiceRecognizer]: 📋 音频数据已复制: 3200 samples
09-21 01:52:33.598 12262 12313 D 🎵[SenseVoiceRecognizer]: 准备创建stream...
09-21 01:52:33.600 12262 12313 D 🎵[SenseVoiceRecognizer]: ✅ Stream创建成功: 117294142
09-21 01:52:33.600 12262 12313 D 🎵[SenseVoiceRecognizer]: 向stream输入音频数据...
09-21 01:52:33.602 12262 12313 D 🎵[SenseVoiceRecognizer]: 音频数据输入完成
09-21 01:52:33.602 12262 12313 D 🎵[SenseVoiceRecognizer]: 开始解码识别...
09-21 01:52:33.693 12262 12309 V SenseVoiceInputDevice: 📊 音频数据#3: size=1600, max=0.1566, min=-0.1595, avg=-0.000060
09-21 01:52:34.024 12262 12313 D 🎵[SenseVoiceRecognizer]: 解码完成，准备获取结果...
09-21 01:52:34.024 12262 12313 D 🎵[SenseVoiceRecognizer]: 获取识别结果...
09-21 01:52:34.026 12262 12313 D 🎵[SenseVoiceRecognizer]: stream资源已释放
09-21 01:52:34.026 12262 12313 D 🎤[SenseVoiceRecognizer]: SenseVoice识别结果: "？"
09-21 01:52:34.046 12262 12262 D 🎤[SenseVoiceInputDevice]: 📤 首次发送: ？
09-21 01:52:34.053 12262 12311 D 🎤[SenseVoiceInputDevice]: 🔄 开始实时识别 (4800样本)
09-21 01:52:34.055 12262 12311 D 🎵[SenseVoiceRecognizer]: ✅ Recognizer ID: 34111638
09-21 01:52:34.056 12262 12311 D 🎵[SenseVoiceRecognizer]: 🔧 模型路径: /sdcard/Android/data/org.stypox.dicio.master/files/models/asr/sensevoice/model.int8.onnx
09-21 01:52:34.056 12262 12311 D 🎵[SenseVoiceRecognizer]: 📄 Tokens路径: /sdcard/Android/data/org.stypox.dicio.master/files/models/asr/sensevoice/tokens.txt
09-21 01:52:34.056 12262 12311 D 🎵[SenseVoiceRecognizer]: 🗂️ 来源: 文件系统
09-21 01:52:34.058 12262 12311 D 🎵[SenseVoiceRecognizer]: 开始SenseVoice识别，音频长度: 4800 (0.30秒)
09-21 01:52:34.058 12262 12311 D 🎵[SenseVoiceRecognizer]: 🎵 音频范围: [-0.19845581, 0.20358276]
09-21 01:52:34.060 12262 12311 D 🎵[SenseVoiceRecognizer]: 📋 音频数据已复制: 4800 samples
09-21 01:52:34.060 12262 12311 D 🎵[SenseVoiceRecognizer]: 准备创建stream...
09-21 01:52:34.063 12262 12311 D 🎵[SenseVoiceRecognizer]: ✅ Stream创建成功: 252569162
09-21 01:52:34.063 12262 12311 D 🎵[SenseVoiceRecognizer]: 向stream输入音频数据...
09-21 01:52:34.066 12262 12311 D 🎵[SenseVoiceRecognizer]: 音频数据输入完成
09-21 01:52:34.066 12262 12311 D 🎵[SenseVoiceRecognizer]: 开始解码识别...
09-21 01:52:34.489 12262 12311 D 🎵[SenseVoiceRecognizer]: 解码完成，准备获取结果...
09-21 01:52:34.489 12262 12311 D 🎵[SenseVoiceRecognizer]: 获取识别结果...
09-21 01:52:34.490 12262 12311 D 🎵[SenseVoiceRecognizer]: stream资源已释放
09-21 01:52:34.490 12262 12311 D 🎤[SenseVoiceRecognizer]: SenseVoice识别结果: "Yeah."
09-21 01:52:34.499 12262 12262 D 🎤[SenseVoiceInputDevice]: 📤 更新结果: Yeah.
09-21 01:52:34.502 12262 12313 V SenseVoiceInputDevice: 🔊 音频能量: RMS=0.034385, 阈值=0.005000, 已检测=true
09-21 01:52:34.502 12262 12313 D 🎤[SenseVoiceInputDevice]: 🔄 开始实时识别 (6400样本)
09-21 01:52:34.504 12262 12313 D 🎵[SenseVoiceRecognizer]: ✅ Recognizer ID: 34111638
09-21 01:52:34.505 12262 12313 D 🎵[SenseVoiceRecognizer]: 🔧 模型路径: /sdcard/Android/data/org.stypox.dicio.master/files/models/asr/sensevoice/model.int8.onnx
09-21 01:52:34.505 12262 12313 D 🎵[SenseVoiceRecognizer]: 📄 Tokens路径: /sdcard/Android/data/org.stypox.dicio.master/files/models/asr/sensevoice/tokens.txt
09-21 01:52:34.505 12262 12313 D 🎵[SenseVoiceRecognizer]: 🗂️ 来源: 文件系统
09-21 01:52:34.506 12262 12313 D 🎵[SenseVoiceRecognizer]: 开始SenseVoice识别，音频长度: 6400 (0.40秒)
09-21 01:52:34.506 12262 12313 D 🎵[SenseVoiceRecognizer]: 🎵 音频范围: [-0.19845581, 0.20358276]
09-21 01:52:34.506 12262 12313 D 🎵[SenseVoiceRecognizer]: 📋 音频数据已复制: 6400 samples
09-21 01:52:34.506 12262 12313 D 🎵[SenseVoiceRecognizer]: 准备创建stream...
09-21 01:52:34.507 12262 12313 D 🎵[SenseVoiceRecognizer]: ✅ Stream创建成功: 200235235
09-21 01:52:34.507 12262 12313 D 🎵[SenseVoiceRecognizer]: 向stream输入音频数据...
09-21 01:52:34.510 12262 12313 D 🎵[SenseVoiceRecognizer]: 音频数据输入完成
09-21 01:52:34.510 12262 12313 D 🎵[SenseVoiceRecognizer]: 开始解码识别...
09-21 01:52:34.997 12262 12313 D 🎵[SenseVoiceRecognizer]: 解码完成，准备获取结果...
09-21 01:52:34.997 12262 12313 D 🎵[SenseVoiceRecognizer]: 获取识别结果...
09-21 01:52:34.997 12262 12313 D 🎵[SenseVoiceRecognizer]: stream资源已释放
09-21 01:52:34.997 12262 12313 D 🎤[SenseVoiceRecognizer]: SenseVoice识别结果: "Yeah."
09-21 01:52:34.999 12262 12262 D 🎤[SenseVoiceInputDevice]: 📤 更新结果: Yeah.
09-21 01:52:35.001 12262 12316 D 🎤[SenseVoiceInputDevice]: 🔄 开始实时识别 (8000样本)
09-21 01:52:35.002 12262 12316 D 🎵[SenseVoiceRecognizer]: ✅ Recognizer ID: 34111638
09-21 01:52:35.002 12262 12316 D 🎵[SenseVoiceRecognizer]: 🔧 模型路径: /sdcard/Android/data/org.stypox.dicio.master/files/models/asr/sensevoice/model.int8.onnx
09-21 01:52:35.002 12262 12316 D 🎵[SenseVoiceRecognizer]: 📄 Tokens路径: /sdcard/Android/data/org.stypox.dicio.master/files/models/asr/sensevoice/tokens.txt
09-21 01:52:35.002 12262 12316 D 🎵[SenseVoiceRecognizer]: 🗂️ 来源: 文件系统
09-21 01:52:35.003 12262 12316 D 🎵[SenseVoiceRecognizer]: 开始SenseVoice识别，音频长度: 8000 (0.50秒)
09-21 01:52:35.003 12262 12316 D 🎵[SenseVoiceRecognizer]: 🎵 音频范围: [-0.19845581, 0.20358276]
09-21 01:52:35.003 12262 12316 D 🎵[SenseVoiceRecognizer]: 📋 音频数据已复制: 8000 samples
09-21 01:52:35.003 12262 12316 D 🎵[SenseVoiceRecognizer]: 准备创建stream...
09-21 01:52:35.005 12262 12316 D 🎵[SenseVoiceRecognizer]: ✅ Stream创建成功: 17370734
09-21 01:52:35.005 12262 12316 D 🎵[SenseVoiceRecognizer]: 向stream输入音频数据...
09-21 01:52:35.009 12262 12316 D 🎵[SenseVoiceRecognizer]: 音频数据输入完成
09-21 01:52:35.009 12262 12316 D 🎵[SenseVoiceRecognizer]: 开始解码识别...
09-21 01:52:35.546 12262 12316 D 🎵[SenseVoiceRecognizer]: 解码完成，准备获取结果...
09-21 01:52:35.546 12262 12316 D 🎵[SenseVoiceRecognizer]: 获取识别结果...
09-21 01:52:35.547 12262 12316 D 🎵[SenseVoiceRecognizer]: stream资源已释放
09-21 01:52:35.547 12262 12316 D 🎤[SenseVoiceRecognizer]: SenseVoice识别结果: "Yeah."
09-21 01:52:35.548 12262 12262 D 🎤[SenseVoiceInputDevice]: 📤 更新结果: Yeah.
09-21 01:52:35.636 12262 12313 V SenseVoiceInputDevice: 🔊 音频能量: RMS=0.002347, 阈值=0.005000, 已检测=true
09-21 01:52:35.636 12262 12313 D 🎤[SenseVoiceInputDevice]: 🔄 开始实时识别 (9600样本)
09-21 01:52:35.638 12262 12313 D 🎵[SenseVoiceRecognizer]: ✅ Recognizer ID: 34111638
09-21 01:52:35.638 12262 12313 D 🎵[SenseVoiceRecognizer]: 🔧 模型路径: /sdcard/Android/data/org.stypox.dicio.master/files/models/asr/sensevoice/model.int8.onnx
09-21 01:52:35.638 12262 12313 D 🎵[SenseVoiceRecognizer]: 📄 Tokens路径: /sdcard/Android/data/org.stypox.dicio.master/files/models/asr/sensevoice/tokens.txt
09-21 01:52:35.638 12262 12313 D 🎵[SenseVoiceRecognizer]: 🗂️ 来源: 文件系统
09-21 01:52:35.639 12262 12313 D 🎵[SenseVoiceRecognizer]: 开始SenseVoice识别，音频长度: 9600 (0.60秒)
09-21 01:52:35.639 12262 12313 D 🎵[SenseVoiceRecognizer]: 🎵 音频范围: [-0.19845581, 0.20358276]
09-21 01:52:35.639 12262 12313 D 🎵[SenseVoiceRecognizer]: 📋 音频数据已复制: 9600 samples
09-21 01:52:35.639 12262 12313 D 🎵[SenseVoiceRecognizer]: 准备创建stream...
09-21 01:52:35.641 12262 12313 D 🎵[SenseVoiceRecognizer]: ✅ Stream创建成功: 80567501
09-21 01:52:35.641 12262 12313 D 🎵[SenseVoiceRecognizer]: 向stream输入音频数据...
09-21 01:52:35.644 12262 12313 D 🎵[SenseVoiceRecognizer]: 音频数据输入完成
09-21 01:52:35.644 12262 12313 D 🎵[SenseVoiceRecognizer]: 开始解码识别...
09-21 01:52:36.261 12262 12313 D 🎵[SenseVoiceRecognizer]: 解码完成，准备获取结果...
09-21 01:52:36.261 12262 12313 D 🎵[SenseVoiceRecognizer]: 获取识别结果...
09-21 01:52:36.261 12262 12313 D 🎵[SenseVoiceRecognizer]: stream资源已释放
09-21 01:52:36.262 12262 12313 D 🎤[SenseVoiceRecognizer]: SenseVoice识别结果: "Yeah."
09-21 01:52:36.297 12262 12262 D 🎤[SenseVoiceInputDevice]: 📤 更新结果: Yeah.
09-21 01:52:36.405 12262 12311 D 🎤[SenseVoiceInputDevice]: 🔄 开始实时识别 (11200样本)
09-21 01:52:36.410 12262 12311 D 🎵[SenseVoiceRecognizer]: ✅ Recognizer ID: 34111638
09-21 01:52:36.410 12262 12311 D 🎵[SenseVoiceRecognizer]: 🔧 模型路径: /sdcard/Android/data/org.stypox.dicio.master/files/models/asr/sensevoice/model.int8.onnx
09-21 01:52:36.411 12262 12311 D 🎵[SenseVoiceRecognizer]: 📄 Tokens路径: /sdcard/Android/data/org.stypox.dicio.master/files/models/asr/sensevoice/tokens.txt
09-21 01:52:36.411 12262 12311 D 🎵[SenseVoiceRecognizer]: 🗂️ 来源: 文件系统
09-21 01:52:36.411 12262 12311 D 🎵[SenseVoiceRecognizer]: 开始SenseVoice识别，音频长度: 11200 (0.70秒)
09-21 01:52:36.411 12262 12311 D 🎵[SenseVoiceRecognizer]: 🎵 音频范围: [-0.19845581, 0.20358276]
09-21 01:52:36.411 12262 12311 D 🎵[SenseVoiceRecognizer]: 📋 音频数据已复制: 11200 samples
09-21 01:52:36.411 12262 12311 D 🎵[SenseVoiceRecognizer]: 准备创建stream...
09-21 01:52:36.413 12262 12311 D 🎵[SenseVoiceRecognizer]: ✅ Stream创建成功: 157968090
09-21 01:52:36.413 12262 12311 D 🎵[SenseVoiceRecognizer]: 向stream输入音频数据...
09-21 01:52:36.419 12262 12311 D 🎵[SenseVoiceRecognizer]: 音频数据输入完成
09-21 01:52:36.419 12262 12311 D 🎵[SenseVoiceRecognizer]: 开始解码识别...
09-21 01:52:37.172 12262 12311 D 🎵[SenseVoiceRecognizer]: 解码完成，准备获取结果...
09-21 01:52:37.172 12262 12311 D 🎵[SenseVoiceRecognizer]: 获取识别结果...
09-21 01:52:37.173 12262 12311 D 🎵[SenseVoiceRecognizer]: stream资源已释放
09-21 01:52:37.173 12262 12311 D 🎤[SenseVoiceRecognizer]: SenseVoice识别结果: "."
09-21 01:52:37.175 12262 12262 D 🎤[SenseVoiceInputDevice]: 📤 更新结果: .
09-21 01:52:37.261 12262 12367 V SenseVoiceInputDevice: 🔊 音频能量: RMS=0.000776, 阈值=0.005000, 已检测=true
09-21 01:52:37.261 12262 12367 D 🎤[SenseVoiceInputDevice]: 🔄 开始实时识别 (12800样本)
09-21 01:52:37.264 12262 12367 D 🎵[SenseVoiceRecognizer]: ✅ Recognizer ID: 34111638
09-21 01:52:37.264 12262 12367 D 🎵[SenseVoiceRecognizer]: 🔧 模型路径: /sdcard/Android/data/org.stypox.dicio.master/files/models/asr/sensevoice/model.int8.onnx
09-21 01:52:37.264 12262 12367 D 🎵[SenseVoiceRecognizer]: 📄 Tokens路径: /sdcard/Android/data/org.stypox.dicio.master/files/models/asr/sensevoice/tokens.txt
09-21 01:52:37.264 12262 12367 D 🎵[SenseVoiceRecognizer]: 🗂️ 来源: 文件系统
09-21 01:52:37.265 12262 12367 D 🎵[SenseVoiceRecognizer]: 开始SenseVoice识别，音频长度: 12800 (0.80秒)
09-21 01:52:37.265 12262 12367 D 🎵[SenseVoiceRecognizer]: 🎵 音频范围: [-0.19845581, 0.20358276]
09-21 01:52:37.265 12262 12367 D 🎵[SenseVoiceRecognizer]: 📋 音频数据已复制: 12800 samples
09-21 01:52:37.265 12262 12367 D 🎵[SenseVoiceRecognizer]: 准备创建stream...
09-21 01:52:37.267 12262 12367 D 🎵[SenseVoiceRecognizer]: ✅ Stream创建成功: 136777153
09-21 01:52:37.267 12262 12367 D 🎵[SenseVoiceRecognizer]: 向stream输入音频数据...
09-21 01:52:37.272 12262 12367 D 🎵[SenseVoiceRecognizer]: 音频数据输入完成
09-21 01:52:37.272 12262 12367 D 🎵[SenseVoiceRecognizer]: 开始解码识别...
09-21 01:52:37.973 12262 12367 D 🎵[SenseVoiceRecognizer]: 解码完成，准备获取结果...
09-21 01:52:37.973 12262 12367 D 🎵[SenseVoiceRecognizer]: 获取识别结果...
09-21 01:52:37.974 12262 12367 D 🎵[SenseVoiceRecognizer]: stream资源已释放
09-21 01:52:37.974 12262 12367 D 🎤[SenseVoiceRecognizer]: SenseVoice识别结果: "Yeah."
09-21 01:52:37.976 12262 12262 D 🎤[SenseVoiceInputDevice]: 📤 更新结果: Yeah.
09-21 01:52:37.977 12262 12311 D SenseVoiceInputDevice: 🔇 检测到静音超时 (2977ms)
09-21 01:52:37.977 12262 12311 D SenseVoiceInputDevice: 🎯 开始最终识别
09-21 01:52:37.978 12262 12311 D SenseVoiceInputDevice: 🚀 执行最终识别，音频: 12800样本 (0.80秒)
09-21 01:52:37.980 12262 12311 D 🎵[SenseVoiceRecognizer]: ✅ Recognizer ID: 34111638
09-21 01:52:37.980 12262 12311 D 🎵[SenseVoiceRecognizer]: 🔧 模型路径: /sdcard/Android/data/org.stypox.dicio.master/files/models/asr/sensevoice/model.int8.onnx
09-21 01:52:37.980 12262 12311 D 🎵[SenseVoiceRecognizer]: 📄 Tokens路径: /sdcard/Android/data/org.stypox.dicio.master/files/models/asr/sensevoice/tokens.txt
09-21 01:52:37.980 12262 12311 D 🎵[SenseVoiceRecognizer]: 🗂️ 来源: 文件系统
09-21 01:52:37.981 12262 12311 D 🎵[SenseVoiceRecognizer]: 开始SenseVoice识别，音频长度: 12800 (0.80秒)
09-21 01:52:37.983 12262 12311 D 🎵[SenseVoiceRecognizer]: 🎵 音频范围: [-0.19845581, 0.20358276]
09-21 01:52:37.984 12262 12311 D 🎵[SenseVoiceRecognizer]: 📋 音频数据已复制: 12800 samples
09-21 01:52:37.984 12262 12311 D 🎵[SenseVoiceRecognizer]: 准备创建stream...
09-21 01:52:37.987 12262 12311 D 🎵[SenseVoiceRecognizer]: ✅ Stream创建成功: 22398205
09-21 01:52:37.987 12262 12311 D 🎵[SenseVoiceRecognizer]: 向stream输入音频数据...
09-21 01:52:37.995 12262 12311 D 🎵[SenseVoiceRecognizer]: 音频数据输入完成
09-21 01:52:37.995 12262 12311 D 🎵[SenseVoiceRecognizer]: 开始解码识别...
09-21 01:52:38.395 12262 12309 V SenseVoiceInputDevice: 📊 音频数据#50: size=1600, max=0.0014, min=-0.0013, avg=-0.000009
09-21 01:52:38.705 12262 12311 D 🎵[SenseVoiceRecognizer]: 解码完成，准备获取结果...
09-21 01:52:38.705 12262 12311 D 🎵[SenseVoiceRecognizer]: 获取识别结果...
09-21 01:52:38.705 12262 12311 D 🎵[SenseVoiceRecognizer]: stream资源已释放
09-21 01:52:38.705 12262 12311 D 🎤[SenseVoiceRecognizer]: SenseVoice识别结果: "Yeah."
09-21 01:52:38.706 12262 12311 D 🎤[SenseVoiceInputDevice]: ✅ 最终结果: "Yeah."
09-21 01:52:38.708 12262 12310 D SenseVoiceInputDevice: 🏁 音频处理结束，状态: Loaded
09-21 01:52:38.790 12262 12309 D SenseVoiceInputDevice: 🏁 音频采集结束
09-21 01:52:38.835 12262 12309 D SenseVoiceInputDevice: 🛑 AudioRecord已停止
09-21 01:52:38.844 12262 12309 D SenseVoiceInputDevice: ✅ AudioRecord已清理
09-21 01:52:45.086 12262 12315 D SenseVoiceInputDevice: 🚀 启动语音识别
09-21 01:52:45.087 12262 12315 D SenseVoiceInputDevice: 🔄 状态已重置
09-21 01:52:45.089 12262 12367 D SenseVoiceInputDevice: 🎵 启动音频采集
09-21 01:52:45.092 12262 12316 D SenseVoiceInputDevice: 🔄 启动音频处理
09-21 01:52:45.152 12262 12367 D SenseVoiceInputDevice: ✅ 录制已启动
09-21 01:52:45.363 12262 12367 V SenseVoiceInputDevice: 📊 音频数据#1: size=1600, max=0.0009, min=-0.0009, avg=-0.000023
09-21 01:52:45.366 12262 12316 V SenseVoiceInputDevice: 🔊 音频能量: RMS=0.000262, 阈值=0.005000, 已检测=false
09-21 01:52:45.464 12262 12367 V SenseVoiceInputDevice: 📊 音频数据#2: size=1600, max=0.1063, min=-0.0864, avg=-0.000021
09-21 01:52:45.467 12262 12316 D 🎤[SenseVoiceInputDevice]: 🔊 能量检测触发: RMS=0.011898 > threshold=0.005000
09-21 01:52:45.468 12262 12316 D 🎤[SenseVoiceInputDevice]: 🎙️ 检测到语音开始，已添加预缓冲音频 (3200样本)
09-21 01:52:45.468 12262 12316 D 🎤[SenseVoiceInputDevice]: 🔄 开始实时识别 (3200样本)
09-21 01:52:45.470 12262 12316 D 🎵[SenseVoiceRecognizer]: ✅ Recognizer ID: 34111638
09-21 01:52:45.471 12262 12316 D 🎵[SenseVoiceRecognizer]: 🔧 模型路径: /sdcard/Android/data/org.stypox.dicio.master/files/models/asr/sensevoice/model.int8.onnx
09-21 01:52:45.471 12262 12316 D 🎵[SenseVoiceRecognizer]: 📄 Tokens路径: /sdcard/Android/data/org.stypox.dicio.master/files/models/asr/sensevoice/tokens.txt
09-21 01:52:45.471 12262 12316 D 🎵[SenseVoiceRecognizer]: 🗂️ 来源: 文件系统
09-21 01:52:45.472 12262 12316 D 🎵[SenseVoiceRecognizer]: 开始SenseVoice识别，音频长度: 3200 (0.20秒)
09-21 01:52:45.472 12262 12316 D 🎵[SenseVoiceRecognizer]: 🎵 音频范围: [-0.086364746, 0.106292725]
09-21 01:52:45.473 12262 12316 D 🎵[SenseVoiceRecognizer]: 📋 音频数据已复制: 3200 samples
09-21 01:52:45.473 12262 12316 D 🎵[SenseVoiceRecognizer]: 准备创建stream...
09-21 01:52:45.475 12262 12316 D 🎵[SenseVoiceRecognizer]: ✅ Stream创建成功: 233619015
09-21 01:52:45.475 12262 12316 D 🎵[SenseVoiceRecognizer]: 向stream输入音频数据...
09-21 01:52:45.478 12262 12316 D 🎵[SenseVoiceRecognizer]: 音频数据输入完成
09-21 01:52:45.478 12262 12316 D 🎵[SenseVoiceRecognizer]: 开始解码识别...
09-21 01:52:45.564 12262 12367 V SenseVoiceInputDevice: 📊 音频数据#3: size=1600, max=0.1685, min=-0.1664, avg=-0.000038
09-21 01:52:45.926 12262 12316 D 🎵[SenseVoiceRecognizer]: 解码完成，准备获取结果...
09-21 01:52:45.926 12262 12316 D 🎵[SenseVoiceRecognizer]: 获取识别结果...
09-21 01:52:45.927 12262 12316 D 🎵[SenseVoiceRecognizer]: stream资源已释放
09-21 01:52:45.927 12262 12316 D 🎤[SenseVoiceRecognizer]: SenseVoice识别结果: "。"
09-21 01:52:45.945 12262 12262 D 🎤[SenseVoiceInputDevice]: 📤 首次发送: 。
09-21 01:52:45.947 12262 12311 D 🎤[SenseVoiceInputDevice]: 🔄 开始实时识别 (4800样本)
09-21 01:52:45.953 12262 12311 D 🎵[SenseVoiceRecognizer]: ✅ Recognizer ID: 34111638
09-21 01:52:45.954 12262 12311 D 🎵[SenseVoiceRecognizer]: 🔧 模型路径: /sdcard/Android/data/org.stypox.dicio.master/files/models/asr/sensevoice/model.int8.onnx
09-21 01:52:45.954 12262 12311 D 🎵[SenseVoiceRecognizer]: 📄 Tokens路径: /sdcard/Android/data/org.stypox.dicio.master/files/models/asr/sensevoice/tokens.txt
09-21 01:52:45.954 12262 12311 D 🎵[SenseVoiceRecognizer]: 🗂️ 来源: 文件系统
09-21 01:52:45.958 12262 12311 D 🎵[SenseVoiceRecognizer]: 开始SenseVoice识别，音频长度: 4800 (0.30秒)
09-21 01:52:45.958 12262 12311 D 🎵[SenseVoiceRecognizer]: 🎵 音频范围: [-0.16641235, 0.16854858]
09-21 01:52:45.958 12262 12311 D 🎵[SenseVoiceRecognizer]: 📋 音频数据已复制: 4800 samples
09-21 01:52:45.959 12262 12311 D 🎵[SenseVoiceRecognizer]: 准备创建stream...
09-21 01:52:45.960 12262 12311 D 🎵[SenseVoiceRecognizer]: ✅ Stream创建成功: 28366452
09-21 01:52:45.960 12262 12311 D 🎵[SenseVoiceRecognizer]: 向stream输入音频数据...
09-21 01:52:45.965 12262 12311 D 🎵[SenseVoiceRecognizer]: 音频数据输入完成
09-21 01:52:45.965 12262 12311 D 🎵[SenseVoiceRecognizer]: 开始解码识别...
09-21 01:52:46.426 12262 12311 D 🎵[SenseVoiceRecognizer]: 解码完成，准备获取结果...
09-21 01:52:46.426 12262 12311 D 🎵[SenseVoiceRecognizer]: 获取识别结果...
09-21 01:52:46.426 12262 12311 D 🎵[SenseVoiceRecognizer]: stream资源已释放
09-21 01:52:46.426 12262 12311 D 🎤[SenseVoiceRecognizer]: SenseVoice识别结果: "Yeah。"
09-21 01:52:46.429 12262 12262 D 🎤[SenseVoiceInputDevice]: 📤 更新结果: Yeah。
09-21 01:52:46.433 12262 12314 V SenseVoiceInputDevice: 🔊 音频能量: RMS=0.029021, 阈值=0.005000, 已检测=true
09-21 01:52:46.433 12262 12314 D 🎤[SenseVoiceInputDevice]: 🔄 开始实时识别 (6400样本)
09-21 01:52:46.435 12262 12314 D 🎵[SenseVoiceRecognizer]: ✅ Recognizer ID: 34111638
09-21 01:52:46.435 12262 12314 D 🎵[SenseVoiceRecognizer]: 🔧 模型路径: /sdcard/Android/data/org.stypox.dicio.master/files/models/asr/sensevoice/model.int8.onnx
09-21 01:52:46.435 12262 12314 D 🎵[SenseVoiceRecognizer]: 📄 Tokens路径: /sdcard/Android/data/org.stypox.dicio.master/files/models/asr/sensevoice/tokens.txt
09-21 01:52:46.435 12262 12314 D 🎵[SenseVoiceRecognizer]: 🗂️ 来源: 文件系统
09-21 01:52:46.435 12262 12314 D 🎵[SenseVoiceRecognizer]: 开始SenseVoice识别，音频长度: 6400 (0.40秒)
09-21 01:52:46.436 12262 12314 D 🎵[SenseVoiceRecognizer]: 🎵 音频范围: [-0.16641235, 0.16854858]
09-21 01:52:46.437 12262 12314 D 🎵[SenseVoiceRecognizer]: 📋 音频数据已复制: 6400 samples
09-21 01:52:46.437 12262 12314 D 🎵[SenseVoiceRecognizer]: 准备创建stream...
09-21 01:52:46.438 12262 12314 D 🎵[SenseVoiceRecognizer]: ✅ Stream创建成功: 215456627
09-21 01:52:46.438 12262 12314 D 🎵[SenseVoiceRecognizer]: 向stream输入音频数据...
09-21 01:52:46.441 12262 12314 D 🎵[SenseVoiceRecognizer]: 音频数据输入完成
09-21 01:52:46.441 12262 12314 D 🎵[SenseVoiceRecognizer]: 开始解码识别...
09-21 01:52:46.948 12262 12314 D 🎵[SenseVoiceRecognizer]: 解码完成，准备获取结果...
09-21 01:52:46.948 12262 12314 D 🎵[SenseVoiceRecognizer]: 获取识别结果...
09-21 01:52:46.948 12262 12314 D 🎵[SenseVoiceRecognizer]: stream资源已释放
09-21 01:52:46.948 12262 12314 D 🎤[SenseVoiceRecognizer]: SenseVoice识别结果: "Yeah."
09-21 01:52:46.966 12262 12262 D 🎤[SenseVoiceInputDevice]: 📤 更新结果: Yeah.
09-21 01:52:46.967 12262 12313 D 🎤[SenseVoiceInputDevice]: 🔄 开始实时识别 (8000样本)
09-21 01:52:46.976 12262 12313 D 🎵[SenseVoiceRecognizer]: ✅ Recognizer ID: 34111638
09-21 01:52:46.976 12262 12313 D 🎵[SenseVoiceRecognizer]: 🔧 模型路径: /sdcard/Android/data/org.stypox.dicio.master/files/models/asr/sensevoice/model.int8.onnx
09-21 01:52:46.978 12262 12313 D 🎵[SenseVoiceRecognizer]: 📄 Tokens路径: /sdcard/Android/data/org.stypox.dicio.master/files/models/asr/sensevoice/tokens.txt
09-21 01:52:46.978 12262 12313 D 🎵[SenseVoiceRecognizer]: 🗂️ 来源: 文件系统
09-21 01:52:46.979 12262 12313 D 🎵[SenseVoiceRecognizer]: 开始SenseVoice识别，音频长度: 8000 (0.50秒)
09-21 01:52:46.980 12262 12313 D 🎵[SenseVoiceRecognizer]: 🎵 音频范围: [-0.3406372, 0.27859497]
09-21 01:52:46.980 12262 12313 D 🎵[SenseVoiceRecognizer]: 📋 音频数据已复制: 8000 samples
09-21 01:52:46.980 12262 12313 D 🎵[SenseVoiceRecognizer]: 准备创建stream...
09-21 01:52:46.986 12262 12313 D 🎵[SenseVoiceRecognizer]: ✅ Stream创建成功: 26613748
09-21 01:52:46.986 12262 12313 D 🎵[SenseVoiceRecognizer]: 向stream输入音频数据...
09-21 01:52:46.990 12262 12313 D 🎵[SenseVoiceRecognizer]: 音频数据输入完成
09-21 01:52:46.991 12262 12313 D 🎵[SenseVoiceRecognizer]: 开始解码识别...
09-21 01:52:47.564 12262 12313 D 🎵[SenseVoiceRecognizer]: 解码完成，准备获取结果...
09-21 01:52:47.564 12262 12313 D 🎵[SenseVoiceRecognizer]: 获取识别结果...
09-21 01:52:47.564 12262 12313 D 🎵[SenseVoiceRecognizer]: stream资源已释放
09-21 01:52:47.564 12262 12313 D 🎤[SenseVoiceRecognizer]: SenseVoice识别结果: "Yeah."
09-21 01:52:47.566 12262 12262 D 🎤[SenseVoiceInputDevice]: 📤 更新结果: Yeah.
09-21 01:52:47.685 12262 12309 V SenseVoiceInputDevice: 🔊 音频能量: RMS=0.099603, 阈值=0.005000, 已检测=true
09-21 01:52:47.685 12262 12309 D 🎤[SenseVoiceInputDevice]: 🔄 开始实时识别 (9600样本)
09-21 01:52:47.687 12262 12309 D 🎵[SenseVoiceRecognizer]: ✅ Recognizer ID: 34111638
09-21 01:52:47.687 12262 12309 D 🎵[SenseVoiceRecognizer]: 🔧 模型路径: /sdcard/Android/data/org.stypox.dicio.master/files/models/asr/sensevoice/model.int8.onnx
09-21 01:52:47.687 12262 12309 D 🎵[SenseVoiceRecognizer]: 📄 Tokens路径: /sdcard/Android/data/org.stypox.dicio.master/files/models/asr/sensevoice/tokens.txt
09-21 01:52:47.687 12262 12309 D 🎵[SenseVoiceRecognizer]: 🗂️ 来源: 文件系统
09-21 01:52:47.688 12262 12309 D 🎵[SenseVoiceRecognizer]: 开始SenseVoice识别，音频长度: 9600 (0.60秒)
09-21 01:52:47.688 12262 12309 D 🎵[SenseVoiceRecognizer]: 🎵 音频范围: [-0.3406372, 0.27859497]
09-21 01:52:47.688 12262 12309 D 🎵[SenseVoiceRecognizer]: 📋 音频数据已复制: 9600 samples
09-21 01:52:47.688 12262 12309 D 🎵[SenseVoiceRecognizer]: 准备创建stream...
09-21 01:52:47.690 12262 12309 D 🎵[SenseVoiceRecognizer]: ✅ Stream创建成功: 262746325
09-21 01:52:47.690 12262 12309 D 🎵[SenseVoiceRecognizer]: 向stream输入音频数据...
09-21 01:52:47.694 12262 12309 D 🎵[SenseVoiceRecognizer]: 音频数据输入完成
09-21 01:52:47.694 12262 12309 D 🎵[SenseVoiceRecognizer]: 开始解码识别...
09-21 01:52:48.324 12262 12309 D 🎵[SenseVoiceRecognizer]: 解码完成，准备获取结果...
09-21 01:52:48.324 12262 12309 D 🎵[SenseVoiceRecognizer]: 获取识别结果...
09-21 01:52:48.325 12262 12309 D 🎵[SenseVoiceRecognizer]: stream资源已释放
09-21 01:52:48.325 12262 12309 D 🎤[SenseVoiceRecognizer]: SenseVoice识别结果: "狗。"
09-21 01:52:48.326 12262 12262 D 🎤[SenseVoiceInputDevice]: 📤 更新结果: 狗。
09-21 01:52:48.408 12262 12309 D 🎤[SenseVoiceInputDevice]: 🔄 开始实时识别 (11200样本)
09-21 01:52:48.410 12262 12309 D 🎵[SenseVoiceRecognizer]: ✅ Recognizer ID: 34111638
09-21 01:52:48.410 12262 12309 D 🎵[SenseVoiceRecognizer]: 🔧 模型路径: /sdcard/Android/data/org.stypox.dicio.master/files/models/asr/sensevoice/model.int8.onnx
09-21 01:52:48.410 12262 12309 D 🎵[SenseVoiceRecognizer]: 📄 Tokens路径: /sdcard/Android/data/org.stypox.dicio.master/files/models/asr/sensevoice/tokens.txt
09-21 01:52:48.410 12262 12309 D 🎵[SenseVoiceRecognizer]: 🗂️ 来源: 文件系统
09-21 01:52:48.411 12262 12309 D 🎵[SenseVoiceRecognizer]: 开始SenseVoice识别，音频长度: 11200 (0.70秒)
09-21 01:52:48.411 12262 12309 D 🎵[SenseVoiceRecognizer]: 🎵 音频范围: [-0.3406372, 0.27859497]
09-21 01:52:48.411 12262 12309 D 🎵[SenseVoiceRecognizer]: 📋 音频数据已复制: 11200 samples
09-21 01:52:48.411 12262 12309 D 🎵[SenseVoiceRecognizer]: 准备创建stream...
09-21 01:52:48.413 12262 12309 D 🎵[SenseVoiceRecognizer]: ✅ Stream创建成功: 228257389
09-21 01:52:48.413 12262 12309 D 🎵[SenseVoiceRecognizer]: 向stream输入音频数据...
09-21 01:52:48.417 12262 12309 D 🎵[SenseVoiceRecognizer]: 音频数据输入完成
09-21 01:52:48.417 12262 12309 D 🎵[SenseVoiceRecognizer]: 开始解码识别...
09-21 01:52:49.129 12262 12309 D 🎵[SenseVoiceRecognizer]: 解码完成，准备获取结果...
09-21 01:52:49.129 12262 12309 D 🎵[SenseVoiceRecognizer]: 获取识别结果...
09-21 01:52:49.129 12262 12309 D 🎵[SenseVoiceRecognizer]: stream资源已释放
09-21 01:52:49.129 12262 12309 D 🎤[SenseVoiceRecognizer]: SenseVoice识别结果: "九号。"
09-21 01:52:49.131 12262 12262 D 🎤[SenseVoiceInputDevice]: 📤 更新结果: 九号。
09-21 01:52:49.220 12262 12311 V SenseVoiceInputDevice: 🔊 音频能量: RMS=0.068045, 阈值=0.005000, 已检测=true
09-21 01:52:49.220 12262 12311 D 🎤[SenseVoiceInputDevice]: 🔄 开始实时识别 (12800样本)
09-21 01:52:49.223 12262 12311 D 🎵[SenseVoiceRecognizer]: ✅ Recognizer ID: 34111638
09-21 01:52:49.223 12262 12311 D 🎵[SenseVoiceRecognizer]: 🔧 模型路径: /sdcard/Android/data/org.stypox.dicio.master/files/models/asr/sensevoice/model.int8.onnx
09-21 01:52:49.223 12262 12311 D 🎵[SenseVoiceRecognizer]: 📄 Tokens路径: /sdcard/Android/data/org.stypox.dicio.master/files/models/asr/sensevoice/tokens.txt
09-21 01:52:49.223 12262 12311 D 🎵[SenseVoiceRecognizer]: 🗂️ 来源: 文件系统
09-21 01:52:49.224 12262 12311 D 🎵[SenseVoiceRecognizer]: 开始SenseVoice识别，音频长度: 12800 (0.80秒)
09-21 01:52:49.224 12262 12311 D 🎵[SenseVoiceRecognizer]: 🎵 音频范围: [-0.3406372, 0.27859497]
09-21 01:52:49.225 12262 12311 D 🎵[SenseVoiceRecognizer]: 📋 音频数据已复制: 12800 samples
09-21 01:52:49.225 12262 12311 D 🎵[SenseVoiceRecognizer]: 准备创建stream...
09-21 01:52:49.226 12262 12311 D 🎵[SenseVoiceRecognizer]: ✅ Stream创建成功: 157364071
09-21 01:52:49.226 12262 12311 D 🎵[SenseVoiceRecognizer]: 向stream输入音频数据...
09-21 01:52:49.231 12262 12311 D 🎵[SenseVoiceRecognizer]: 音频数据输入完成
09-21 01:52:49.231 12262 12311 D 🎵[SenseVoiceRecognizer]: 开始解码识别...
09-21 01:52:49.941 12262 12311 D 🎵[SenseVoiceRecognizer]: 解码完成，准备获取结果...
09-21 01:52:49.941 12262 12311 D 🎵[SenseVoiceRecognizer]: 获取识别结果...
09-21 01:52:49.941 12262 12311 D 🎵[SenseVoiceRecognizer]: stream资源已释放
09-21 01:52:49.942 12262 12311 D 🎤[SenseVoiceRecognizer]: SenseVoice识别结果: "九号。"
09-21 01:52:49.944 12262 12262 D 🎤[SenseVoiceInputDevice]: 📤 更新结果: 九号。
09-21 01:52:50.032 12262 12311 D 🎤[SenseVoiceInputDevice]: 🔄 开始实时识别 (14400样本)
09-21 01:52:50.035 12262 12311 D 🎵[SenseVoiceRecognizer]: ✅ Recognizer ID: 34111638
09-21 01:52:50.035 12262 12311 D 🎵[SenseVoiceRecognizer]: 🔧 模型路径: /sdcard/Android/data/org.stypox.dicio.master/files/models/asr/sensevoice/model.int8.onnx
09-21 01:52:50.035 12262 12311 D 🎵[SenseVoiceRecognizer]: 📄 Tokens路径: /sdcard/Android/data/org.stypox.dicio.master/files/models/asr/sensevoice/tokens.txt
09-21 01:52:50.035 12262 12311 D 🎵[SenseVoiceRecognizer]: 🗂️ 来源: 文件系统
09-21 01:52:50.036 12262 12311 D 🎵[SenseVoiceRecognizer]: 开始SenseVoice识别，音频长度: 14400 (0.90秒)
09-21 01:52:50.036 12262 12311 D 🎵[SenseVoiceRecognizer]: 🎵 音频范围: [-0.3406372, 0.27859497]
09-21 01:52:50.036 12262 12311 D 🎵[SenseVoiceRecognizer]: 📋 音频数据已复制: 14400 samples
09-21 01:52:50.036 12262 12311 D 🎵[SenseVoiceRecognizer]: 准备创建stream...
09-21 01:52:50.038 12262 12311 D 🎵[SenseVoiceRecognizer]: ✅ Stream创建成功: 265987167
09-21 01:52:50.038 12262 12311 D 🎵[SenseVoiceRecognizer]: 向stream输入音频数据...
09-21 01:52:50.043 12262 12311 D 🎵[SenseVoiceRecognizer]: 音频数据输入完成
09-21 01:52:50.043 12262 12311 D 🎵[SenseVoiceRecognizer]: 开始解码识别...
09-21 01:52:50.265 12262 12367 V SenseVoiceInputDevice: 📊 音频数据#50: size=1600, max=0.0012, min=-0.0012, avg=-0.000009
09-21 01:52:50.858 12262 12311 D 🎵[SenseVoiceRecognizer]: 解码完成，准备获取结果...
09-21 01:52:50.858 12262 12311 D 🎵[SenseVoiceRecognizer]: 获取识别结果...
09-21 01:52:50.858 12262 12311 D 🎵[SenseVoiceRecognizer]: stream资源已释放
09-21 01:52:50.859 12262 12311 D 🎤[SenseVoiceRecognizer]: SenseVoice识别结果: "九红。"
09-21 01:52:50.862 12262 12262 D 🎤[SenseVoiceInputDevice]: 📤 更新结果: 九红。
09-21 01:52:51.000 12262 12314 V SenseVoiceInputDevice: 🔊 音频能量: RMS=0.009402, 阈值=0.005000, 已检测=true
09-21 01:52:51.000 12262 12314 D 🎤[SenseVoiceInputDevice]: 🔄 开始实时识别 (16000样本)
09-21 01:52:51.002 12262 12314 D 🎵[SenseVoiceRecognizer]: ✅ Recognizer ID: 34111638
09-21 01:52:51.002 12262 12314 D 🎵[SenseVoiceRecognizer]: 🔧 模型路径: /sdcard/Android/data/org.stypox.dicio.master/files/models/asr/sensevoice/model.int8.onnx
09-21 01:52:51.002 12262 12314 D 🎵[SenseVoiceRecognizer]: 📄 Tokens路径: /sdcard/Android/data/org.stypox.dicio.master/files/models/asr/sensevoice/tokens.txt
09-21 01:52:51.002 12262 12314 D 🎵[SenseVoiceRecognizer]: 🗂️ 来源: 文件系统
09-21 01:52:51.003 12262 12314 D 🎵[SenseVoiceRecognizer]: 开始SenseVoice识别，音频长度: 16000 (1.00秒)
09-21 01:52:51.004 12262 12314 D 🎵[SenseVoiceRecognizer]: 🎵 音频范围: [-0.3406372, 0.27859497]
09-21 01:52:51.004 12262 12314 D 🎵[SenseVoiceRecognizer]: 📋 音频数据已复制: 16000 samples
09-21 01:52:51.004 12262 12314 D 🎵[SenseVoiceRecognizer]: 准备创建stream...
09-21 01:52:51.005 12262 12314 D 🎵[SenseVoiceRecognizer]: ✅ Stream创建成功: 131235416
09-21 01:52:51.005 12262 12314 D 🎵[SenseVoiceRecognizer]: 向stream输入音频数据...
09-21 01:52:51.012 12262 12314 D 🎵[SenseVoiceRecognizer]: 音频数据输入完成
09-21 01:52:51.012 12262 12314 D 🎵[SenseVoiceRecognizer]: 开始解码识别...
09-21 01:52:51.885 12262 12314 D 🎵[SenseVoiceRecognizer]: 解码完成，准备获取结果...
09-21 01:52:51.885 12262 12314 D 🎵[SenseVoiceRecognizer]: 获取识别结果...
09-21 01:52:51.886 12262 12314 D 🎵[SenseVoiceRecognizer]: stream资源已释放
09-21 01:52:51.886 12262 12314 D 🎤[SenseVoiceRecognizer]: SenseVoice识别结果: "九红。"
09-21 01:52:51.900 12262 12262 D 🎤[SenseVoiceInputDevice]: 📤 更新结果: 九红。
09-21 01:52:51.982 12262 12314 D 🎤[SenseVoiceInputDevice]: 🔄 开始实时识别 (17600样本)
09-21 01:52:51.985 12262 12314 D 🎵[SenseVoiceRecognizer]: ✅ Recognizer ID: 34111638
09-21 01:52:51.985 12262 12314 D 🎵[SenseVoiceRecognizer]: 🔧 模型路径: /sdcard/Android/data/org.stypox.dicio.master/files/models/asr/sensevoice/model.int8.onnx
09-21 01:52:51.985 12262 12314 D 🎵[SenseVoiceRecognizer]: 📄 Tokens路径: /sdcard/Android/data/org.stypox.dicio.master/files/models/asr/sensevoice/tokens.txt
09-21 01:52:51.986 12262 12314 D 🎵[SenseVoiceRecognizer]: 🗂️ 来源: 文件系统
09-21 01:52:51.987 12262 12314 D 🎵[SenseVoiceRecognizer]: 开始SenseVoice识别，音频长度: 17600 (1.10秒)
09-21 01:52:51.987 12262 12314 D 🎵[SenseVoiceRecognizer]: 🎵 音频范围: [-0.3406372, 0.27859497]
09-21 01:52:51.987 12262 12314 D 🎵[SenseVoiceRecognizer]: 📋 音频数据已复制: 17600 samples
09-21 01:52:51.987 12262 12314 D 🎵[SenseVoiceRecognizer]: 准备创建stream...
09-21 01:52:51.989 12262 12314 D 🎵[SenseVoiceRecognizer]: ✅ Stream创建成功: 75785326
09-21 01:52:51.989 12262 12314 D 🎵[SenseVoiceRecognizer]: 向stream输入音频数据...
09-21 01:52:51.995 12262 12314 D 🎵[SenseVoiceRecognizer]: 音频数据输入完成
09-21 01:52:51.995 12262 12314 D 🎵[SenseVoiceRecognizer]: 开始解码识别...
09-21 01:52:52.899 12262 12314 D 🎵[SenseVoiceRecognizer]: 解码完成，准备获取结果...
09-21 01:52:52.899 12262 12314 D 🎵[SenseVoiceRecognizer]: 获取识别结果...
09-21 01:52:52.899 12262 12314 D 🎵[SenseVoiceRecognizer]: stream资源已释放
09-21 01:52:52.900 12262 12314 D 🎤[SenseVoiceRecognizer]: SenseVoice识别结果: "九号。"
09-21 01:52:52.902 12262 12262 D 🎤[SenseVoiceInputDevice]: 📤 更新结果: 九号。
09-21 01:52:53.035 12262 12313 V SenseVoiceInputDevice: 🔊 音频能量: RMS=0.000967, 阈值=0.005000, 已检测=true
09-21 01:52:53.036 12262 12313 D 🎤[SenseVoiceInputDevice]: 🔄 开始实时识别 (19200样本)
09-21 01:52:53.038 12262 12313 D 🎵[SenseVoiceRecognizer]: ✅ Recognizer ID: 34111638
09-21 01:52:53.038 12262 12313 D 🎵[SenseVoiceRecognizer]: 🔧 模型路径: /sdcard/Android/data/org.stypox.dicio.master/files/models/asr/sensevoice/model.int8.onnx
09-21 01:52:53.038 12262 12313 D 🎵[SenseVoiceRecognizer]: 📄 Tokens路径: /sdcard/Android/data/org.stypox.dicio.master/files/models/asr/sensevoice/tokens.txt
09-21 01:52:53.038 12262 12313 D 🎵[SenseVoiceRecognizer]: 🗂️ 来源: 文件系统
09-21 01:52:53.039 12262 12313 D 🎵[SenseVoiceRecognizer]: 开始SenseVoice识别，音频长度: 19200 (1.20秒)
09-21 01:52:53.040 12262 12313 D 🎵[SenseVoiceRecognizer]: 🎵 音频范围: [-0.3406372, 0.27859497]
09-21 01:52:53.040 12262 12313 D 🎵[SenseVoiceRecognizer]: 📋 音频数据已复制: 19200 samples
09-21 01:52:53.040 12262 12313 D 🎵[SenseVoiceRecognizer]: 准备创建stream...
09-21 01:52:53.041 12262 12313 D 🎵[SenseVoiceRecognizer]: ✅ Stream创建成功: 66188288
09-21 01:52:53.041 12262 12313 D 🎵[SenseVoiceRecognizer]: 向stream输入音频数据...
09-21 01:52:53.049 12262 12313 D 🎵[SenseVoiceRecognizer]: 音频数据输入完成
09-21 01:52:53.049 12262 12313 D 🎵[SenseVoiceRecognizer]: 开始解码识别...
09-21 01:52:54.017 12262 12313 D 🎵[SenseVoiceRecognizer]: 解码完成，准备获取结果...
09-21 01:52:54.017 12262 12313 D 🎵[SenseVoiceRecognizer]: 获取识别结果...
09-21 01:52:54.017 12262 12313 D 🎵[SenseVoiceRecognizer]: stream资源已释放
09-21 01:52:54.017 12262 12313 D 🎤[SenseVoiceRecognizer]: SenseVoice识别结果: "九号。"
09-21 01:52:54.025 12262 12262 D 🎤[SenseVoiceInputDevice]: 📤 更新结果: 九号。
09-21 01:52:54.026 12262 12313 D SenseVoiceInputDevice: 🔇 检测到静音超时 (3164ms)
09-21 01:52:54.026 12262 12313 D SenseVoiceInputDevice: 🎯 开始最终识别
09-21 01:52:54.027 12262 12313 D SenseVoiceInputDevice: 🚀 执行最终识别，音频: 19200样本 (1.20秒)
09-21 01:52:54.030 12262 12313 D 🎵[SenseVoiceRecognizer]: ✅ Recognizer ID: 34111638
09-21 01:52:54.030 12262 12313 D 🎵[SenseVoiceRecognizer]: 🔧 模型路径: /sdcard/Android/data/org.stypox.dicio.master/files/models/asr/sensevoice/model.int8.onnx
09-21 01:52:54.031 12262 12313 D 🎵[SenseVoiceRecognizer]: 📄 Tokens路径: /sdcard/Android/data/org.stypox.dicio.master/files/models/asr/sensevoice/tokens.txt
09-21 01:52:54.031 12262 12313 D 🎵[SenseVoiceRecognizer]: 🗂️ 来源: 文件系统
09-21 01:52:54.032 12262 12313 D 🎵[SenseVoiceRecognizer]: 开始SenseVoice识别，音频长度: 19200 (1.20秒)
09-21 01:52:54.032 12262 12313 D 🎵[SenseVoiceRecognizer]: 🎵 音频范围: [-0.3406372, 0.27859497]
09-21 01:52:54.032 12262 12313 D 🎵[SenseVoiceRecognizer]: 📋 音频数据已复制: 19200 samples
09-21 01:52:54.032 12262 12313 D 🎵[SenseVoiceRecognizer]: 准备创建stream...
09-21 01:52:54.033 12262 12313 D 🎵[SenseVoiceRecognizer]: ✅ Stream创建成功: 133173617
09-21 01:52:54.033 12262 12313 D 🎵[SenseVoiceRecognizer]: 向stream输入音频数据...
09-21 01:52:54.040 12262 12313 D 🎵[SenseVoiceRecognizer]: 音频数据输入完成
09-21 01:52:54.040 12262 12313 D 🎵[SenseVoiceRecognizer]: 开始解码识别...
09-21 01:52:55.015 12262 12313 D 🎵[SenseVoiceRecognizer]: 解码完成，准备获取结果...
09-21 01:52:55.016 12262 12313 D 🎵[SenseVoiceRecognizer]: 获取识别结果...
09-21 01:52:55.016 12262 12313 D 🎵[SenseVoiceRecognizer]: stream资源已释放
09-21 01:52:55.016 12262 12313 D 🎤[SenseVoiceRecognizer]: SenseVoice识别结果: "九号。"
09-21 01:52:55.016 12262 12313 D 🎤[SenseVoiceInputDevice]: ✅ 最终结果: "九号。"
09-21 01:52:55.035 12262 12313 D SenseVoiceInputDevice: 🏁 音频处理结束，状态: Loaded
09-21 01:52:55.061 12262 12367 D SenseVoiceInputDevice: 🏁 音频采集结束
09-21 01:52:55.130 12262 12367 D SenseVoiceInputDevice: 🛑 AudioRecord已停止
09-21 01:52:55.135 12262 12367 D SenseVoiceInputDevice: ✅ AudioRecord已清理
09-21 01:52:55.151 12262 12367 D SenseVoiceInputDevice: 🚀 启动语音识别
09-21 01:52:55.152 12262 12367 D SenseVoiceInputDevice: 🔄 状态已重置
09-21 01:52:55.154 12262 12313 D SenseVoiceInputDevice: 🎵 启动音频采集
09-21 01:52:55.157 12262 12470 D SenseVoiceInputDevice: 🔄 启动音频处理
09-21 01:52:55.192 12262 12313 D SenseVoiceInputDevice: ✅ 录制已启动
09-21 01:52:55.365 12262 12313 V SenseVoiceInputDevice: 📊 音频数据#1: size=1600, max=0.0010, min=-0.0011, avg=-0.000024
09-21 01:52:55.367 12262 12470 V SenseVoiceInputDevice: 🔊 音频能量: RMS=0.000299, 阈值=0.005000, 已检测=false
09-21 01:52:55.457 12262 12313 V SenseVoiceInputDevice: 📊 音频数据#2: size=1600, max=0.0013, min=-0.0015, avg=-0.000016
09-21 01:52:55.562 12262 12313 V SenseVoiceInputDevice: 📊 音频数据#3: size=1600, max=0.1567, min=-0.1512, avg=-0.000104
09-21 01:52:55.563 12262 12470 D 🎤[SenseVoiceInputDevice]: 🔊 能量检测触发: RMS=0.037049 > threshold=0.005000
09-21 01:52:55.564 12262 12470 D 🎤[SenseVoiceInputDevice]: 🎙️ 检测到语音开始，已添加预缓冲音频 (4800样本)
09-21 01:52:55.564 12262 12470 D 🎤[SenseVoiceInputDevice]: 🔄 开始实时识别 (4800样本)
09-21 01:52:55.565 12262 12470 D 🎵[SenseVoiceRecognizer]: ✅ Recognizer ID: 34111638
09-21 01:52:55.565 12262 12470 D 🎵[SenseVoiceRecognizer]: 🔧 模型路径: /sdcard/Android/data/org.stypox.dicio.master/files/models/asr/sensevoice/model.int8.onnx
09-21 01:52:55.565 12262 12470 D 🎵[SenseVoiceRecognizer]: 📄 Tokens路径: /sdcard/Android/data/org.stypox.dicio.master/files/models/asr/sensevoice/tokens.txt
09-21 01:52:55.565 12262 12470 D 🎵[SenseVoiceRecognizer]: 🗂️ 来源: 文件系统
09-21 01:52:55.565 12262 12470 D 🎵[SenseVoiceRecognizer]: 开始SenseVoice识别，音频长度: 4800 (0.30秒)
09-21 01:52:55.566 12262 12470 D 🎵[SenseVoiceRecognizer]: 🎵 音频范围: [-0.15115356, 0.15673828]
09-21 01:52:55.566 12262 12470 D 🎵[SenseVoiceRecognizer]: 📋 音频数据已复制: 4800 samples
09-21 01:52:55.566 12262 12470 D 🎵[SenseVoiceRecognizer]: 准备创建stream...
09-21 01:52:55.567 12262 12470 D 🎵[SenseVoiceRecognizer]: ✅ Stream创建成功: 235127164
09-21 01:52:55.567 12262 12470 D 🎵[SenseVoiceRecognizer]: 向stream输入音频数据...
09-21 01:52:55.569 12262 12470 D 🎵[SenseVoiceRecognizer]: 音频数据输入完成
09-21 01:52:55.569 12262 12470 D 🎵[SenseVoiceRecognizer]: 开始解码识别...
09-21 01:52:56.032 12262 12470 D 🎵[SenseVoiceRecognizer]: 解码完成，准备获取结果...
09-21 01:52:56.032 12262 12470 D 🎵[SenseVoiceRecognizer]: 获取识别结果...
09-21 01:52:56.032 12262 12470 D 🎵[SenseVoiceRecognizer]: stream资源已释放
09-21 01:52:56.032 12262 12470 D 🎤[SenseVoiceRecognizer]: SenseVoice识别结果: "。"
09-21 01:52:56.034 12262 12262 D 🎤[SenseVoiceInputDevice]: 📤 首次发送: 。
09-21 01:52:56.035 12262 12314 D 🎤[SenseVoiceInputDevice]: 🔄 开始实时识别 (6400样本)
09-21 01:52:56.037 12262 12314 D 🎵[SenseVoiceRecognizer]: ✅ Recognizer ID: 34111638
09-21 01:52:56.037 12262 12314 D 🎵[SenseVoiceRecognizer]: 🔧 模型路径: /sdcard/Android/data/org.stypox.dicio.master/files/models/asr/sensevoice/model.int8.onnx
09-21 01:52:56.037 12262 12314 D 🎵[SenseVoiceRecognizer]: 📄 Tokens路径: /sdcard/Android/data/org.stypox.dicio.master/files/models/asr/sensevoice/tokens.txt
09-21 01:52:56.037 12262 12314 D 🎵[SenseVoiceRecognizer]: 🗂️ 来源: 文件系统
09-21 01:52:56.037 12262 12314 D 🎵[SenseVoiceRecognizer]: 开始SenseVoice识别，音频长度: 6400 (0.40秒)
09-21 01:52:56.037 12262 12314 D 🎵[SenseVoiceRecognizer]: 🎵 音频范围: [-0.15115356, 0.15673828]
09-21 01:52:56.038 12262 12314 D 🎵[SenseVoiceRecognizer]: 📋 音频数据已复制: 6400 samples
09-21 01:52:56.038 12262 12314 D 🎵[SenseVoiceRecognizer]: 准备创建stream...
09-21 01:52:56.039 12262 12314 D 🎵[SenseVoiceRecognizer]: ✅ Stream创建成功: 239274586
09-21 01:52:56.039 12262 12314 D 🎵[SenseVoiceRecognizer]: 向stream输入音频数据...
09-21 01:52:56.041 12262 12314 D 🎵[SenseVoiceRecognizer]: 音频数据输入完成
09-21 01:52:56.041 12262 12314 D 🎵[SenseVoiceRecognizer]: 开始解码识别...
09-21 01:52:56.533 12262 12314 D 🎵[SenseVoiceRecognizer]: 解码完成，准备获取结果...
09-21 01:52:56.533 12262 12314 D 🎵[SenseVoiceRecognizer]: 获取识别结果...
09-21 01:52:56.534 12262 12314 D 🎵[SenseVoiceRecognizer]: stream资源已释放
09-21 01:52:56.534 12262 12314 D 🎤[SenseVoiceRecognizer]: SenseVoice识别结果: "Yeah."
09-21 01:52:56.536 12262 12262 D 🎤[SenseVoiceInputDevice]: 📤 更新结果: Yeah.
09-21 01:52:56.539 12262 12314 V SenseVoiceInputDevice: 🔊 音频能量: RMS=0.028646, 阈值=0.005000, 已检测=true
09-21 01:52:56.539 12262 12314 D 🎤[SenseVoiceInputDevice]: 🔄 开始实时识别 (8000样本)
09-21 01:52:56.540 12262 12314 D 🎵[SenseVoiceRecognizer]: ✅ Recognizer ID: 34111638
09-21 01:52:56.540 12262 12314 D 🎵[SenseVoiceRecognizer]: 🔧 模型路径: /sdcard/Android/data/org.stypox.dicio.master/files/models/asr/sensevoice/model.int8.onnx
09-21 01:52:56.540 12262 12314 D 🎵[SenseVoiceRecognizer]: 📄 Tokens路径: /sdcard/Android/data/org.stypox.dicio.master/files/models/asr/sensevoice/tokens.txt
09-21 01:52:56.540 12262 12314 D 🎵[SenseVoiceRecognizer]: 🗂️ 来源: 文件系统
09-21 01:52:56.541 12262 12314 D 🎵[SenseVoiceRecognizer]: 开始SenseVoice识别，音频长度: 8000 (0.50秒)
09-21 01:52:56.541 12262 12314 D 🎵[SenseVoiceRecognizer]: 🎵 音频范围: [-0.15115356, 0.15673828]
09-21 01:52:56.541 12262 12314 D 🎵[SenseVoiceRecognizer]: 📋 音频数据已复制: 8000 samples
09-21 01:52:56.541 12262 12314 D 🎵[SenseVoiceRecognizer]: 准备创建stream...
09-21 01:52:56.545 12262 12314 D 🎵[SenseVoiceRecognizer]: ✅ Stream创建成功: 180189237
09-21 01:52:56.545 12262 12314 D 🎵[SenseVoiceRecognizer]: 向stream输入音频数据...
09-21 01:52:56.548 12262 12314 D 🎵[SenseVoiceRecognizer]: 音频数据输入完成
09-21 01:52:56.548 12262 12314 D 🎵[SenseVoiceRecognizer]: 开始解码识别...
09-21 01:52:57.113 12262 12314 D 🎵[SenseVoiceRecognizer]: 解码完成，准备获取结果...
09-21 01:52:57.113 12262 12314 D 🎵[SenseVoiceRecognizer]: 获取识别结果...
09-21 01:52:57.113 12262 12314 D 🎵[SenseVoiceRecognizer]: stream资源已释放
09-21 01:52:57.113 12262 12314 D 🎤[SenseVoiceRecognizer]: SenseVoice识别结果: "Yeah."
09-21 01:52:57.115 12262 12262 D 🎤[SenseVoiceInputDevice]: 📤 更新结果: Yeah.
09-21 01:52:57.200 12262 12309 D 🎤[SenseVoiceInputDevice]: 🔄 开始实时识别 (9600样本)
09-21 01:52:57.202 12262 12309 D 🎵[SenseVoiceRecognizer]: ✅ Recognizer ID: 34111638
09-21 01:52:57.202 12262 12309 D 🎵[SenseVoiceRecognizer]: 🔧 模型路径: /sdcard/Android/data/org.stypox.dicio.master/files/models/asr/sensevoice/model.int8.onnx
09-21 01:52:57.202 12262 12309 D 🎵[SenseVoiceRecognizer]: 📄 Tokens路径: /sdcard/Android/data/org.stypox.dicio.master/files/models/asr/sensevoice/tokens.txt
09-21 01:52:57.202 12262 12309 D 🎵[SenseVoiceRecognizer]: 🗂️ 来源: 文件系统
09-21 01:52:57.202 12262 12309 D 🎵[SenseVoiceRecognizer]: 开始SenseVoice识别，音频长度: 9600 (0.60秒)
09-21 01:52:57.203 12262 12309 D 🎵[SenseVoiceRecognizer]: 🎵 音频范围: [-0.15115356, 0.15673828]
09-21 01:52:57.203 12262 12309 D 🎵[SenseVoiceRecognizer]: 📋 音频数据已复制: 9600 samples
09-21 01:52:57.203 12262 12309 D 🎵[SenseVoiceRecognizer]: 准备创建stream...
09-21 01:52:57.204 12262 12309 D 🎵[SenseVoiceRecognizer]: ✅ Stream创建成功: 64031107
09-21 01:52:57.204 12262 12309 D 🎵[SenseVoiceRecognizer]: 向stream输入音频数据...
09-21 01:52:57.208 12262 12309 D 🎵[SenseVoiceRecognizer]: 音频数据输入完成
09-21 01:52:57.208 12262 12309 D 🎵[SenseVoiceRecognizer]: 开始解码识别...
09-21 01:52:57.868 12262 12309 D 🎵[SenseVoiceRecognizer]: 解码完成，准备获取结果...
09-21 01:52:57.868 12262 12309 D 🎵[SenseVoiceRecognizer]: 获取识别结果...
09-21 01:52:57.868 12262 12309 D 🎵[SenseVoiceRecognizer]: stream资源已释放
09-21 01:52:57.869 12262 12309 D 🎤[SenseVoiceRecognizer]: SenseVoice识别结果: "Yeah."
09-21 01:52:57.870 12262 12262 D 🎤[SenseVoiceInputDevice]: 📤 更新结果: Yeah.
09-21 01:52:57.961 12262 12310 V SenseVoiceInputDevice: 🔊 音频能量: RMS=0.001723, 阈值=0.005000, 已检测=true
09-21 01:52:57.961 12262 12310 D 🎤[SenseVoiceInputDevice]: 🔄 开始实时识别 (11200样本)
09-21 01:52:57.964 12262 12310 D 🎵[SenseVoiceRecognizer]: ✅ Recognizer ID: 34111638
09-21 01:52:57.964 12262 12310 D 🎵[SenseVoiceRecognizer]: 🔧 模型路径: /sdcard/Android/data/org.stypox.dicio.master/files/models/asr/sensevoice/model.int8.onnx
09-21 01:52:57.964 12262 12310 D 🎵[SenseVoiceRecognizer]: 📄 Tokens路径: /sdcard/Android/data/org.stypox.dicio.master/files/models/asr/sensevoice/tokens.txt
09-21 01:52:57.964 12262 12310 D 🎵[SenseVoiceRecognizer]: 🗂️ 来源: 文件系统
09-21 01:52:57.965 12262 12310 D 🎵[SenseVoiceRecognizer]: 开始SenseVoice识别，音频长度: 11200 (0.70秒)
09-21 01:52:57.965 12262 12310 D 🎵[SenseVoiceRecognizer]: 🎵 音频范围: [-0.15115356, 0.15673828]
09-21 01:52:57.965 12262 12310 D 🎵[SenseVoiceRecognizer]: 📋 音频数据已复制: 11200 samples
09-21 01:52:57.965 12262 12310 D 🎵[SenseVoiceRecognizer]: 准备创建stream...
09-21 01:52:57.967 12262 12310 D 🎵[SenseVoiceRecognizer]: ✅ Stream创建成功: 156628296
09-21 01:52:57.967 12262 12310 D 🎵[SenseVoiceRecognizer]: 向stream输入音频数据...
09-21 01:52:57.971 12262 12310 D 🎵[SenseVoiceRecognizer]: 音频数据输入完成
09-21 01:52:57.971 12262 12310 D 🎵[SenseVoiceRecognizer]: 开始解码识别...
09-21 01:52:58.015 12262 12315 D SenseVoiceInputDevice: 🚀 启动语音识别
09-21 01:52:58.015 12262 12315 W SenseVoiceInputDevice: ⚠️ 已在录制中
09-21 01:52:58.724 12262 12310 D 🎵[SenseVoiceRecognizer]: 解码完成，准备获取结果...
09-21 01:52:58.724 12262 12310 D 🎵[SenseVoiceRecognizer]: 获取识别结果...
09-21 01:52:58.724 12262 12310 D 🎵[SenseVoiceRecognizer]: stream资源已释放
09-21 01:52:58.724 12262 12310 D 🎤[SenseVoiceRecognizer]: SenseVoice识别结果: "."
09-21 01:52:58.735 12262 12262 D 🎤[SenseVoiceInputDevice]: 📤 更新结果: .
09-21 01:52:58.828 12262 12309 D 🎤[SenseVoiceInputDevice]: 🔄 开始实时识别 (12800样本)
09-21 01:52:58.832 12262 12309 D 🎵[SenseVoiceRecognizer]: ✅ Recognizer ID: 34111638
09-21 01:52:58.832 12262 12309 D 🎵[SenseVoiceRecognizer]: 🔧 模型路径: /sdcard/Android/data/org.stypox.dicio.master/files/models/asr/sensevoice/model.int8.onnx
09-21 01:52:58.832 12262 12309 D 🎵[SenseVoiceRecognizer]: 📄 Tokens路径: /sdcard/Android/data/org.stypox.dicio.master/files/models/asr/sensevoice/tokens.txt
09-21 01:52:58.832 12262 12309 D 🎵[SenseVoiceRecognizer]: 🗂️ 来源: 文件系统
09-21 01:52:58.833 12262 12309 D 🎵[SenseVoiceRecognizer]: 开始SenseVoice识别，音频长度: 12800 (0.80秒)
09-21 01:52:58.833 12262 12309 D 🎵[SenseVoiceRecognizer]: 🎵 音频范围: [-0.15115356, 0.15673828]
09-21 01:52:58.834 12262 12309 D 🎵[SenseVoiceRecognizer]: 📋 音频数据已复制: 12800 samples
09-21 01:52:58.834 12262 12309 D 🎵[SenseVoiceRecognizer]: 准备创建stream...
09-21 01:52:58.836 12262 12309 D 🎵[SenseVoiceRecognizer]: ✅ Stream创建成功: 64949914
09-21 01:52:58.836 12262 12309 D 🎵[SenseVoiceRecognizer]: 向stream输入音频数据...
09-21 01:52:58.841 12262 12309 D 🎵[SenseVoiceRecognizer]: 音频数据输入完成
09-21 01:52:58.841 12262 12309 D 🎵[SenseVoiceRecognizer]: 开始解码识别...
09-21 01:52:59.568 12262 12309 D 🎵[SenseVoiceRecognizer]: 解码完成，准备获取结果...
09-21 01:52:59.569 12262 12309 D 🎵[SenseVoiceRecognizer]: 获取识别结果...
09-21 01:52:59.569 12262 12309 D 🎵[SenseVoiceRecognizer]: stream资源已释放
09-21 01:52:59.569 12262 12309 D 🎤[SenseVoiceRecognizer]: SenseVoice识别结果: "Yeah."
09-21 01:52:59.571 12262 12262 D 🎤[SenseVoiceInputDevice]: 📤 更新结果: Yeah.
09-21 01:52:59.673 12262 12367 V SenseVoiceInputDevice: 🔊 音频能量: RMS=0.000462, 阈值=0.005000, 已检测=true
09-21 01:52:59.673 12262 12367 D 🎤[SenseVoiceInputDevice]: 🔄 开始实时识别 (14400样本)
09-21 01:52:59.675 12262 12470 D 🎵[SenseVoiceRecognizer]: ✅ Recognizer ID: 34111638
09-21 01:52:59.675 12262 12470 D 🎵[SenseVoiceRecognizer]: 🔧 模型路径: /sdcard/Android/data/org.stypox.dicio.master/files/models/asr/sensevoice/model.int8.onnx
09-21 01:52:59.675 12262 12470 D 🎵[SenseVoiceRecognizer]: 📄 Tokens路径: /sdcard/Android/data/org.stypox.dicio.master/files/models/asr/sensevoice/tokens.txt
09-21 01:52:59.675 12262 12470 D 🎵[SenseVoiceRecognizer]: 🗂️ 来源: 文件系统
09-21 01:52:59.676 12262 12470 D 🎵[SenseVoiceRecognizer]: 开始SenseVoice识别，音频长度: 14400 (0.90秒)
09-21 01:52:59.676 12262 12470 D 🎵[SenseVoiceRecognizer]: 🎵 音频范围: [-0.15115356, 0.15673828]
09-21 01:52:59.677 12262 12470 D 🎵[SenseVoiceRecognizer]: 📋 音频数据已复制: 14400 samples
09-21 01:52:59.677 12262 12470 D 🎵[SenseVoiceRecognizer]: 准备创建stream...
09-21 01:52:59.678 12262 12470 D 🎵[SenseVoiceRecognizer]: ✅ Stream创建成功: 133684916
09-21 01:52:59.678 12262 12470 D 🎵[SenseVoiceRecognizer]: 向stream输入音频数据...
09-21 01:52:59.683 12262 12470 D 🎵[SenseVoiceRecognizer]: 音频数据输入完成
09-21 01:52:59.684 12262 12470 D 🎵[SenseVoiceRecognizer]: 开始解码识别...
09-21 01:53:00.261 12262 12313 V SenseVoiceInputDevice: 📊 音频数据#50: size=1600, max=0.0014, min=-0.0016, avg=-0.000015
09-21 01:53:00.463 12262 12470 D 🎵[SenseVoiceRecognizer]: 解码完成，准备获取结果...
09-21 01:53:00.463 12262 12470 D 🎵[SenseVoiceRecognizer]: 获取识别结果...
09-21 01:53:00.463 12262 12470 D 🎵[SenseVoiceRecognizer]: stream资源已释放
09-21 01:53:00.463 12262 12470 D 🎤[SenseVoiceRecognizer]: SenseVoice识别结果: "Yeah."
09-21 01:53:00.475 12262 12262 D 🎤[SenseVoiceInputDevice]: 📤 更新结果: Yeah.
09-21 01:53:00.475 12262 12309 D SenseVoiceInputDevice: 🔇 检测到静音超时 (3359ms)
09-21 01:53:00.475 12262 12309 D SenseVoiceInputDevice: 🎯 开始最终识别
09-21 01:53:00.477 12262 12309 D SenseVoiceInputDevice: 🚀 执行最终识别，音频: 14400样本 (0.90秒)
09-21 01:53:00.484 12262 12309 D 🎵[SenseVoiceRecognizer]: ✅ Recognizer ID: 34111638
09-21 01:53:00.485 12262 12309 D 🎵[SenseVoiceRecognizer]: 🔧 模型路径: /sdcard/Android/data/org.stypox.dicio.master/files/models/asr/sensevoice/model.int8.onnx
09-21 01:53:00.485 12262 12309 D 🎵[SenseVoiceRecognizer]: 📄 Tokens路径: /sdcard/Android/data/org.stypox.dicio.master/files/models/asr/sensevoice/tokens.txt
09-21 01:53:00.485 12262 12309 D 🎵[SenseVoiceRecognizer]: 🗂️ 来源: 文件系统
09-21 01:53:00.485 12262 12309 D 🎵[SenseVoiceRecognizer]: 开始SenseVoice识别，音频长度: 14400 (0.90秒)
09-21 01:53:00.485 12262 12309 D 🎵[SenseVoiceRecognizer]: 🎵 音频范围: [-0.15115356, 0.15673828]
09-21 01:53:00.486 12262 12309 D 🎵[SenseVoiceRecognizer]: 📋 音频数据已复制: 14400 samples
09-21 01:53:00.486 12262 12309 D 🎵[SenseVoiceRecognizer]: 准备创建stream...
09-21 01:53:00.487 12262 12309 D 🎵[SenseVoiceRecognizer]: ✅ Stream创建成功: 228383453
09-21 01:53:00.487 12262 12309 D 🎵[SenseVoiceRecognizer]: 向stream输入音频数据...
09-21 01:53:00.492 12262 12309 D 🎵[SenseVoiceRecognizer]: 音频数据输入完成
09-21 01:53:00.492 12262 12309 D 🎵[SenseVoiceRecognizer]: 开始解码识别...
09-21 01:53:01.260 12262 12309 D 🎵[SenseVoiceRecognizer]: 解码完成，准备获取结果...
09-21 01:53:01.260 12262 12309 D 🎵[SenseVoiceRecognizer]: 获取识别结果...
09-21 01:53:01.261 12262 12309 D 🎵[SenseVoiceRecognizer]: stream资源已释放
09-21 01:53:01.261 12262 12309 D 🎤[SenseVoiceRecognizer]: SenseVoice识别结果: "Yeah."
09-21 01:53:01.262 12262 12309 D 🎤[SenseVoiceInputDevice]: ✅ 最终结果: "Yeah."
09-21 01:53:01.275 12262 12470 D SenseVoiceInputDevice: 🏁 音频处理结束，状态: Loaded
09-21 01:53:01.358 12262 12313 D SenseVoiceInputDevice: 🏁 音频采集结束
09-21 01:53:01.431 12262 12313 D SenseVoiceInputDevice: 🛑 AudioRecord已停止
09-21 01:53:01.439 12262 12313 D SenseVoiceInputDevice: ✅ AudioRecord已清理
09-21 01:53:10.566 12262 12315 D SenseVoiceInputDevice: 🚀 启动语音识别
09-21 01:53:10.567 12262 12315 D SenseVoiceInputDevice: 🔄 状态已重置
09-21 01:53:10.569 12262 12313 D SenseVoiceInputDevice: 🎵 启动音频采集
09-21 01:53:10.571 12262 12309 D SenseVoiceInputDevice: 🔄 启动音频处理
09-21 01:53:10.641 12262 12313 D SenseVoiceInputDevice: ✅ 录制已启动
09-21 01:53:10.846 12262 12313 V SenseVoiceInputDevice: 📊 音频数据#1: size=1600, max=0.0012, min=-0.0012, avg=-0.000023
09-21 01:53:10.849 12262 12309 V SenseVoiceInputDevice: 🔊 音频能量: RMS=0.000275, 阈值=0.005000, 已检测=false
09-21 01:53:10.947 12262 12313 V SenseVoiceInputDevice: 📊 音频数据#2: size=1600, max=0.0021, min=-0.0024, avg=-0.000013
09-21 01:53:11.045 12262 12313 V SenseVoiceInputDevice: 📊 音频数据#3: size=1600, max=0.1642, min=-0.1557, avg=-0.000014
09-21 01:53:11.046 12262 12309 D 🎤[SenseVoiceInputDevice]: 🔊 能量检测触发: RMS=0.038126 > threshold=0.005000
09-21 01:53:11.047 12262 12309 D 🎤[SenseVoiceInputDevice]: 🎙️ 检测到语音开始，已添加预缓冲音频 (4800样本)
09-21 01:53:11.047 12262 12309 D 🎤[SenseVoiceInputDevice]: 🔄 开始实时识别 (4800样本)
09-21 01:53:11.048 12262 12309 D 🎵[SenseVoiceRecognizer]: ✅ Recognizer ID: 34111638
09-21 01:53:11.049 12262 12309 D 🎵[SenseVoiceRecognizer]: 🔧 模型路径: /sdcard/Android/data/org.stypox.dicio.master/files/models/asr/sensevoice/model.int8.onnx
09-21 01:53:11.049 12262 12309 D 🎵[SenseVoiceRecognizer]: 📄 Tokens路径: /sdcard/Android/data/org.stypox.dicio.master/files/models/asr/sensevoice/tokens.txt
09-21 01:53:11.049 12262 12309 D 🎵[SenseVoiceRecognizer]: 🗂️ 来源: 文件系统
09-21 01:53:11.049 12262 12309 D 🎵[SenseVoiceRecognizer]: 开始SenseVoice识别，音频长度: 4800 (0.30秒)
09-21 01:53:11.049 12262 12309 D 🎵[SenseVoiceRecognizer]: 🎵 音频范围: [-0.15567017, 0.16415405]
09-21 01:53:11.049 12262 12309 D 🎵[SenseVoiceRecognizer]: 📋 音频数据已复制: 4800 samples
09-21 01:53:11.049 12262 12309 D 🎵[SenseVoiceRecognizer]: 准备创建stream...
09-21 01:53:11.051 12262 12309 D 🎵[SenseVoiceRecognizer]: ✅ Stream创建成功: 210497526
09-21 01:53:11.051 12262 12309 D 🎵[SenseVoiceRecognizer]: 向stream输入音频数据...
09-21 01:53:11.053 12262 12309 D 🎵[SenseVoiceRecognizer]: 音频数据输入完成
09-21 01:53:11.053 12262 12309 D 🎵[SenseVoiceRecognizer]: 开始解码识别...
09-21 01:53:11.540 12262 12309 D 🎵[SenseVoiceRecognizer]: 解码完成，准备获取结果...
09-21 01:53:11.540 12262 12309 D 🎵[SenseVoiceRecognizer]: 获取识别结果...
09-21 01:53:11.541 12262 12309 D 🎵[SenseVoiceRecognizer]: stream资源已释放
09-21 01:53:11.541 12262 12309 D 🎤[SenseVoiceRecognizer]: SenseVoice识别结果: "Yeah."
09-21 01:53:11.548 12262 12262 D 🎤[SenseVoiceInputDevice]: 📤 首次发送: Yeah.
09-21 01:53:11.549 12262 12314 D 🎤[SenseVoiceInputDevice]: 🔄 开始实时识别 (6400样本)
09-21 01:53:11.550 12262 12314 D 🎵[SenseVoiceRecognizer]: ✅ Recognizer ID: 34111638
09-21 01:53:11.551 12262 12314 D 🎵[SenseVoiceRecognizer]: 🔧 模型路径: /sdcard/Android/data/org.stypox.dicio.master/files/models/asr/sensevoice/model.int8.onnx
09-21 01:53:11.551 12262 12314 D 🎵[SenseVoiceRecognizer]: 📄 Tokens路径: /sdcard/Android/data/org.stypox.dicio.master/files/models/asr/sensevoice/tokens.txt
09-21 01:53:11.552 12262 12314 D 🎵[SenseVoiceRecognizer]: 🗂️ 来源: 文件系统
09-21 01:53:11.553 12262 12314 D 🎵[SenseVoiceRecognizer]: 开始SenseVoice识别，音频长度: 6400 (0.40秒)
09-21 01:53:11.553 12262 12314 D 🎵[SenseVoiceRecognizer]: 🎵 音频范围: [-0.25079346, 0.22238159]
09-21 01:53:11.553 12262 12314 D 🎵[SenseVoiceRecognizer]: 📋 音频数据已复制: 6400 samples
09-21 01:53:11.553 12262 12314 D 🎵[SenseVoiceRecognizer]: 准备创建stream...
09-21 01:53:11.555 12262 12314 D 🎵[SenseVoiceRecognizer]: ✅ Stream创建成功: 150360055
09-21 01:53:11.555 12262 12314 D 🎵[SenseVoiceRecognizer]: 向stream输入音频数据...
09-21 01:53:11.561 12262 12314 D 🎵[SenseVoiceRecognizer]: 音频数据输入完成
09-21 01:53:11.561 12262 12314 D 🎵[SenseVoiceRecognizer]: 开始解码识别...
09-21 01:53:12.075 12262 12314 D 🎵[SenseVoiceRecognizer]: 解码完成，准备获取结果...
09-21 01:53:12.076 12262 12314 D 🎵[SenseVoiceRecognizer]: 获取识别结果...
09-21 01:53:12.076 12262 12314 D 🎵[SenseVoiceRecognizer]: stream资源已释放
09-21 01:53:12.076 12262 12314 D 🎤[SenseVoiceRecognizer]: SenseVoice识别结果: "Yeah."
09-21 01:53:12.078 12262 12262 D 🎤[SenseVoiceInputDevice]: 📤 更新结果: Yeah.
09-21 01:53:12.082 12262 12309 V SenseVoiceInputDevice: 🔊 音频能量: RMS=0.101501, 阈值=0.005000, 已检测=true
09-21 01:53:12.082 12262 12309 D 🎤[SenseVoiceInputDevice]: 🔄 开始实时识别 (8000样本)
09-21 01:53:12.086 12262 12309 D 🎵[SenseVoiceRecognizer]: ✅ Recognizer ID: 34111638
09-21 01:53:12.087 12262 12309 D 🎵[SenseVoiceRecognizer]: 🔧 模型路径: /sdcard/Android/data/org.stypox.dicio.master/files/models/asr/sensevoice/model.int8.onnx
09-21 01:53:12.087 12262 12309 D 🎵[SenseVoiceRecognizer]: 📄 Tokens路径: /sdcard/Android/data/org.stypox.dicio.master/files/models/asr/sensevoice/tokens.txt
09-21 01:53:12.087 12262 12309 D 🎵[SenseVoiceRecognizer]: 🗂️ 来源: 文件系统
09-21 01:53:12.087 12262 12309 D 🎵[SenseVoiceRecognizer]: 开始SenseVoice识别，音频长度: 8000 (0.50秒)
09-21 01:53:12.087 12262 12309 D 🎵[SenseVoiceRecognizer]: 🎵 音频范围: [-0.28341675, 0.22238159]
09-21 01:53:12.088 12262 12309 D 🎵[SenseVoiceRecognizer]: 📋 音频数据已复制: 8000 samples
09-21 01:53:12.088 12262 12309 D 🎵[SenseVoiceRecognizer]: 准备创建stream...
09-21 01:53:12.089 12262 12309 D 🎵[SenseVoiceRecognizer]: ✅ Stream创建成功: 147759088
09-21 01:53:12.089 12262 12309 D 🎵[SenseVoiceRecognizer]: 向stream输入音频数据...
09-21 01:53:12.092 12262 12309 D 🎵[SenseVoiceRecognizer]: 音频数据输入完成
09-21 01:53:12.092 12262 12309 D 🎵[SenseVoiceRecognizer]: 开始解码识别...
09-21 01:53:12.654 12262 12309 D 🎵[SenseVoiceRecognizer]: 解码完成，准备获取结果...
09-21 01:53:12.654 12262 12309 D 🎵[SenseVoiceRecognizer]: 获取识别结果...
09-21 01:53:12.654 12262 12309 D 🎵[SenseVoiceRecognizer]: stream资源已释放
09-21 01:53:12.654 12262 12309 D 🎤[SenseVoiceRecognizer]: SenseVoice识别结果: "发。"
09-21 01:53:12.662 12262 12262 D 🎤[SenseVoiceInputDevice]: 📤 更新结果: 发。
09-21 01:53:12.743 12262 12309 D 🎤[SenseVoiceInputDevice]: 🔄 开始实时识别 (9600样本)
09-21 01:53:12.745 12262 12309 D 🎵[SenseVoiceRecognizer]: ✅ Recognizer ID: 34111638
09-21 01:53:12.745 12262 12309 D 🎵[SenseVoiceRecognizer]: 🔧 模型路径: /sdcard/Android/data/org.stypox.dicio.master/files/models/asr/sensevoice/model.int8.onnx
09-21 01:53:12.745 12262 12309 D 🎵[SenseVoiceRecognizer]: 📄 Tokens路径: /sdcard/Android/data/org.stypox.dicio.master/files/models/asr/sensevoice/tokens.txt
09-21 01:53:12.745 12262 12309 D 🎵[SenseVoiceRecognizer]: 🗂️ 来源: 文件系统
09-21 01:53:12.746 12262 12309 D 🎵[SenseVoiceRecognizer]: 开始SenseVoice识别，音频长度: 9600 (0.60秒)
09-21 01:53:12.746 12262 12309 D 🎵[SenseVoiceRecognizer]: 🎵 音频范围: [-0.28341675, 0.22238159]
09-21 01:53:12.746 12262 12309 D 🎵[SenseVoiceRecognizer]: 📋 音频数据已复制: 9600 samples
09-21 01:53:12.746 12262 12309 D 🎵[SenseVoiceRecognizer]: 准备创建stream...
09-21 01:53:12.747 12262 12309 D 🎵[SenseVoiceRecognizer]: ✅ Stream创建成功: 139408024
09-21 01:53:12.748 12262 12309 D 🎵[SenseVoiceRecognizer]: 向stream输入音频数据...
09-21 01:53:12.751 12262 12309 D 🎵[SenseVoiceRecognizer]: 音频数据输入完成
09-21 01:53:12.751 12262 12309 D 🎵[SenseVoiceRecognizer]: 开始解码识别...
09-21 01:53:13.387 12262 12309 D 🎵[SenseVoiceRecognizer]: 解码完成，准备获取结果...
09-21 01:53:13.388 12262 12309 D 🎵[SenseVoiceRecognizer]: 获取识别结果...
09-21 01:53:13.388 12262 12309 D 🎵[SenseVoiceRecognizer]: stream资源已释放
09-21 01:53:13.388 12262 12309 D 🎤[SenseVoiceRecognizer]: SenseVoice识别结果: "返回。"
09-21 01:53:13.403 12262 12262 D 🎤[SenseVoiceInputDevice]: 📤 更新结果: 返回。
09-21 01:53:13.498 12262 12314 V SenseVoiceInputDevice: 🔊 音频能量: RMS=0.054652, 阈值=0.005000, 已检测=true
09-21 01:53:13.499 12262 12314 D 🎤[SenseVoiceInputDevice]: 🔄 开始实时识别 (11200样本)
09-21 01:53:13.500 12262 12314 D 🎵[SenseVoiceRecognizer]: ✅ Recognizer ID: 34111638
09-21 01:53:13.501 12262 12314 D 🎵[SenseVoiceRecognizer]: 🔧 模型路径: /sdcard/Android/data/org.stypox.dicio.master/files/models/asr/sensevoice/model.int8.onnx
09-21 01:53:13.501 12262 12314 D 🎵[SenseVoiceRecognizer]: 📄 Tokens路径: /sdcard/Android/data/org.stypox.dicio.master/files/models/asr/sensevoice/tokens.txt
09-21 01:53:13.501 12262 12314 D 🎵[SenseVoiceRecognizer]: 🗂️ 来源: 文件系统
09-21 01:53:13.501 12262 12314 D 🎵[SenseVoiceRecognizer]: 开始SenseVoice识别，音频长度: 11200 (0.70秒)
09-21 01:53:13.501 12262 12314 D 🎵[SenseVoiceRecognizer]: 🎵 音频范围: [-0.28341675, 0.22238159]
09-21 01:53:13.501 12262 12314 D 🎵[SenseVoiceRecognizer]: 📋 音频数据已复制: 11200 samples
09-21 01:53:13.501 12262 12314 D 🎵[SenseVoiceRecognizer]: 准备创建stream...
09-21 01:53:13.502 12262 12314 D 🎵[SenseVoiceRecognizer]: ✅ Stream创建成功: 244970460
09-21 01:53:13.502 12262 12314 D 🎵[SenseVoiceRecognizer]: 向stream输入音频数据...
09-21 01:53:13.507 12262 12314 D 🎵[SenseVoiceRecognizer]: 音频数据输入完成
09-21 01:53:13.507 12262 12314 D 🎵[SenseVoiceRecognizer]: 开始解码识别...
09-21 01:53:14.209 12262 12314 D 🎵[SenseVoiceRecognizer]: 解码完成，准备获取结果...
09-21 01:53:14.209 12262 12314 D 🎵[SenseVoiceRecognizer]: 获取识别结果...
09-21 01:53:14.210 12262 12314 D 🎵[SenseVoiceRecognizer]: stream资源已释放
09-21 01:53:14.210 12262 12314 D 🎤[SenseVoiceRecognizer]: SenseVoice识别结果: "返回。"
09-21 01:53:14.211 12262 12262 D 🎤[SenseVoiceInputDevice]: 📤 更新结果: 返回。
09-21 01:53:14.293 12262 12314 D 🎤[SenseVoiceInputDevice]: 🔄 开始实时识别 (12800样本)
09-21 01:53:14.295 12262 12314 D 🎵[SenseVoiceRecognizer]: ✅ Recognizer ID: 34111638
09-21 01:53:14.296 12262 12314 D 🎵[SenseVoiceRecognizer]: 🔧 模型路径: /sdcard/Android/data/org.stypox.dicio.master/files/models/asr/sensevoice/model.int8.onnx
09-21 01:53:14.296 12262 12314 D 🎵[SenseVoiceRecognizer]: 📄 Tokens路径: /sdcard/Android/data/org.stypox.dicio.master/files/models/asr/sensevoice/tokens.txt
09-21 01:53:14.296 12262 12314 D 🎵[SenseVoiceRecognizer]: 🗂️ 来源: 文件系统
09-21 01:53:14.297 12262 12314 D 🎵[SenseVoiceRecognizer]: 开始SenseVoice识别，音频长度: 12800 (0.80秒)
09-21 01:53:14.297 12262 12314 D 🎵[SenseVoiceRecognizer]: 🎵 音频范围: [-0.28341675, 0.22238159]
09-21 01:53:14.297 12262 12314 D 🎵[SenseVoiceRecognizer]: 📋 音频数据已复制: 12800 samples
09-21 01:53:14.297 12262 12314 D 🎵[SenseVoiceRecognizer]: 准备创建stream...
09-21 01:53:14.299 12262 12314 D 🎵[SenseVoiceRecognizer]: ✅ Stream创建成功: 101069387
09-21 01:53:14.299 12262 12314 D 🎵[SenseVoiceRecognizer]: 向stream输入音频数据...
09-21 01:53:14.303 12262 12314 D 🎵[SenseVoiceRecognizer]: 音频数据输入完成
09-21 01:53:14.303 12262 12314 D 🎵[SenseVoiceRecognizer]: 开始解码识别...
09-21 01:53:15.017 12262 12314 D 🎵[SenseVoiceRecognizer]: 解码完成，准备获取结果...
09-21 01:53:15.017 12262 12314 D 🎵[SenseVoiceRecognizer]: 获取识别结果...
09-21 01:53:15.018 12262 12314 D 🎵[SenseVoiceRecognizer]: stream资源已释放
09-21 01:53:15.018 12262 12314 D 🎤[SenseVoiceRecognizer]: SenseVoice识别结果: "返回。"
09-21 01:53:15.019 12262 12262 D 🎤[SenseVoiceInputDevice]: 📤 更新结果: 返回。
09-21 01:53:15.126 12262 12310 V SenseVoiceInputDevice: 🔊 音频能量: RMS=0.071648, 阈值=0.005000, 已检测=true
09-21 01:53:15.126 12262 12310 D 🎤[SenseVoiceInputDevice]: 🔄 开始实时识别 (14400样本)
09-21 01:53:15.129 12262 12310 D 🎵[SenseVoiceRecognizer]: ✅ Recognizer ID: 34111638
09-21 01:53:15.130 12262 12310 D 🎵[SenseVoiceRecognizer]: 🔧 模型路径: /sdcard/Android/data/org.stypox.dicio.master/files/models/asr/sensevoice/model.int8.onnx
09-21 01:53:15.130 12262 12310 D 🎵[SenseVoiceRecognizer]: 📄 Tokens路径: /sdcard/Android/data/org.stypox.dicio.master/files/models/asr/sensevoice/tokens.txt
09-21 01:53:15.130 12262 12310 D 🎵[SenseVoiceRecognizer]: 🗂️ 来源: 文件系统
09-21 01:53:15.130 12262 12310 D 🎵[SenseVoiceRecognizer]: 开始SenseVoice识别，音频长度: 14400 (0.90秒)
09-21 01:53:15.130 12262 12310 D 🎵[SenseVoiceRecognizer]: 🎵 音频范围: [-0.28341675, 0.22662354]
09-21 01:53:15.130 12262 12310 D 🎵[SenseVoiceRecognizer]: 📋 音频数据已复制: 14400 samples
09-21 01:53:15.130 12262 12310 D 🎵[SenseVoiceRecognizer]: 准备创建stream...
09-21 01:53:15.132 12262 12310 D 🎵[SenseVoiceRecognizer]: ✅ Stream创建成功: 83391528
09-21 01:53:15.132 12262 12310 D 🎵[SenseVoiceRecognizer]: 向stream输入音频数据...
09-21 01:53:15.137 12262 12310 D 🎵[SenseVoiceRecognizer]: 音频数据输入完成
09-21 01:53:15.137 12262 12310 D 🎵[SenseVoiceRecognizer]: 开始解码识别...
09-21 01:53:15.748 12262 12313 V SenseVoiceInputDevice: 📊 音频数据#50: size=1600, max=0.0013, min=-0.0016, avg=-0.000014
09-21 01:53:15.915 12262 12310 D 🎵[SenseVoiceRecognizer]: 解码完成，准备获取结果...
09-21 01:53:15.915 12262 12310 D 🎵[SenseVoiceRecognizer]: 获取识别结果...
09-21 01:53:15.916 12262 12310 D 🎵[SenseVoiceRecognizer]: stream资源已释放
09-21 01:53:15.916 12262 12310 D 🎤[SenseVoiceRecognizer]: SenseVoice识别结果: "返回主页。"
09-21 01:53:15.917 12262 12262 D 🎤[SenseVoiceInputDevice]: 📤 更新结果: 返回主页。
09-21 01:53:16.090 12262 12470 D 🎤[SenseVoiceInputDevice]: 🔄 开始实时识别 (16000样本)
09-21 01:53:16.093 12262 12310 D 🎵[SenseVoiceRecognizer]: ✅ Recognizer ID: 34111638
09-21 01:53:16.093 12262 12310 D 🎵[SenseVoiceRecognizer]: 🔧 模型路径: /sdcard/Android/data/org.stypox.dicio.master/files/models/asr/sensevoice/model.int8.onnx
09-21 01:53:16.093 12262 12310 D 🎵[SenseVoiceRecognizer]: 📄 Tokens路径: /sdcard/Android/data/org.stypox.dicio.master/files/models/asr/sensevoice/tokens.txt
09-21 01:53:16.093 12262 12310 D 🎵[SenseVoiceRecognizer]: 🗂️ 来源: 文件系统
09-21 01:53:16.095 12262 12310 D 🎵[SenseVoiceRecognizer]: 开始SenseVoice识别，音频长度: 16000 (1.00秒)
09-21 01:53:16.097 12262 12310 D 🎵[SenseVoiceRecognizer]: 🎵 音频范围: [-0.28341675, 0.27062988]
09-21 01:53:16.097 12262 12310 D 🎵[SenseVoiceRecognizer]: 📋 音频数据已复制: 16000 samples
09-21 01:53:16.097 12262 12310 D 🎵[SenseVoiceRecognizer]: 准备创建stream...
09-21 01:53:16.099 12262 12310 D 🎵[SenseVoiceRecognizer]: ✅ Stream创建成功: 6456085
09-21 01:53:16.099 12262 12310 D 🎵[SenseVoiceRecognizer]: 向stream输入音频数据...
09-21 01:53:16.106 12262 12310 D 🎵[SenseVoiceRecognizer]: 音频数据输入完成
09-21 01:53:16.107 12262 12310 D 🎵[SenseVoiceRecognizer]: 开始解码识别...
09-21 01:53:16.962 12262 12310 D 🎵[SenseVoiceRecognizer]: 解码完成，准备获取结果...
09-21 01:53:16.962 12262 12310 D 🎵[SenseVoiceRecognizer]: 获取识别结果...
09-21 01:53:16.963 12262 12310 D 🎵[SenseVoiceRecognizer]: stream资源已释放
09-21 01:53:16.963 12262 12310 D 🎤[SenseVoiceRecognizer]: SenseVoice识别结果: "返回主页。"
09-21 01:53:16.975 12262 12262 D 🎤[SenseVoiceInputDevice]: 📤 更新结果: 返回主页。
09-21 01:53:17.057 12262 12310 V SenseVoiceInputDevice: 🔊 音频能量: RMS=0.030717, 阈值=0.005000, 已检测=true
09-21 01:53:17.058 12262 12310 D 🎤[SenseVoiceInputDevice]: 🔄 开始实时识别 (17600样本)
09-21 01:53:17.060 12262 12310 D 🎵[SenseVoiceRecognizer]: ✅ Recognizer ID: 34111638
09-21 01:53:17.060 12262 12310 D 🎵[SenseVoiceRecognizer]: 🔧 模型路径: /sdcard/Android/data/org.stypox.dicio.master/files/models/asr/sensevoice/model.int8.onnx
09-21 01:53:17.060 12262 12310 D 🎵[SenseVoiceRecognizer]: 📄 Tokens路径: /sdcard/Android/data/org.stypox.dicio.master/files/models/asr/sensevoice/tokens.txt
09-21 01:53:17.060 12262 12310 D 🎵[SenseVoiceRecognizer]: 🗂️ 来源: 文件系统
09-21 01:53:17.061 12262 12310 D 🎵[SenseVoiceRecognizer]: 开始SenseVoice识别，音频长度: 17600 (1.10秒)
09-21 01:53:17.061 12262 12310 D 🎵[SenseVoiceRecognizer]: 🎵 音频范围: [-0.28341675, 0.27062988]
09-21 01:53:17.062 12262 12310 D 🎵[SenseVoiceRecognizer]: 📋 音频数据已复制: 17600 samples
09-21 01:53:17.062 12262 12310 D 🎵[SenseVoiceRecognizer]: 准备创建stream...
09-21 01:53:17.063 12262 12310 D 🎵[SenseVoiceRecognizer]: ✅ Stream创建成功: 74791825
09-21 01:53:17.063 12262 12310 D 🎵[SenseVoiceRecognizer]: 向stream输入音频数据...
09-21 01:53:17.069 12262 12310 D 🎵[SenseVoiceRecognizer]: 音频数据输入完成
09-21 01:53:17.069 12262 12310 D 🎵[SenseVoiceRecognizer]: 开始解码识别...
09-21 01:53:17.977 12262 12310 D 🎵[SenseVoiceRecognizer]: 解码完成，准备获取结果...
09-21 01:53:17.978 12262 12310 D 🎵[SenseVoiceRecognizer]: 获取识别结果...
09-21 01:53:17.978 12262 12310 D 🎵[SenseVoiceRecognizer]: stream资源已释放
09-21 01:53:17.978 12262 12310 D 🎤[SenseVoiceRecognizer]: SenseVoice识别结果: "返回主页。"
09-21 01:53:17.988 12262 12262 D 🎤[SenseVoiceInputDevice]: 📤 更新结果: 返回主页。
09-21 01:53:18.079 12262 12367 V SenseVoiceInputDevice: 🔊 音频能量: RMS=0.007363, 阈值=0.005000, 已检测=true
09-21 01:53:18.079 12262 12367 D 🎤[SenseVoiceInputDevice]: 🔄 开始实时识别 (19200样本)
09-21 01:53:18.082 12262 12309 D 🎵[SenseVoiceRecognizer]: ✅ Recognizer ID: 34111638
09-21 01:53:18.082 12262 12309 D 🎵[SenseVoiceRecognizer]: 🔧 模型路径: /sdcard/Android/data/org.stypox.dicio.master/files/models/asr/sensevoice/model.int8.onnx
09-21 01:53:18.082 12262 12309 D 🎵[SenseVoiceRecognizer]: 📄 Tokens路径: /sdcard/Android/data/org.stypox.dicio.master/files/models/asr/sensevoice/tokens.txt
09-21 01:53:18.082 12262 12309 D 🎵[SenseVoiceRecognizer]: 🗂️ 来源: 文件系统
09-21 01:53:18.083 12262 12309 D 🎵[SenseVoiceRecognizer]: 开始SenseVoice识别，音频长度: 19200 (1.20秒)
09-21 01:53:18.084 12262 12309 D 🎵[SenseVoiceRecognizer]: 🎵 音频范围: [-0.28341675, 0.27062988]
09-21 01:53:18.084 12262 12309 D 🎵[SenseVoiceRecognizer]: 📋 音频数据已复制: 19200 samples
09-21 01:53:18.084 12262 12309 D 🎵[SenseVoiceRecognizer]: 准备创建stream...
09-21 01:53:18.086 12262 12309 D 🎵[SenseVoiceRecognizer]: ✅ Stream创建成功: 237693822
09-21 01:53:18.086 12262 12309 D 🎵[SenseVoiceRecognizer]: 向stream输入音频数据...
09-21 01:53:18.100 12262 12309 D 🎵[SenseVoiceRecognizer]: 音频数据输入完成
09-21 01:53:18.100 12262 12309 D 🎵[SenseVoiceRecognizer]: 开始解码识别...
09-21 01:53:19.140 12262 12309 D 🎵[SenseVoiceRecognizer]: 解码完成，准备获取结果...
09-21 01:53:19.140 12262 12309 D 🎵[SenseVoiceRecognizer]: 获取识别结果...
09-21 01:53:19.140 12262 12309 D 🎵[SenseVoiceRecognizer]: stream资源已释放
09-21 01:53:19.140 12262 12309 D 🎤[SenseVoiceRecognizer]: SenseVoice识别结果: "返回主页。"
09-21 01:53:19.144 12262 12262 D 🎤[SenseVoiceInputDevice]: 📤 更新结果: 返回主页。
09-21 01:53:19.305 12262 12367 V SenseVoiceInputDevice: 🔊 音频能量: RMS=0.007168, 阈值=0.005000, 已检测=true
09-21 01:53:19.305 12262 12367 D 🎤[SenseVoiceInputDevice]: 🔄 开始实时识别 (20800样本)
09-21 01:53:19.309 12262 12367 D 🎵[SenseVoiceRecognizer]: ✅ Recognizer ID: 34111638
09-21 01:53:19.309 12262 12367 D 🎵[SenseVoiceRecognizer]: 🔧 模型路径: /sdcard/Android/data/org.stypox.dicio.master/files/models/asr/sensevoice/model.int8.onnx
09-21 01:53:19.309 12262 12367 D 🎵[SenseVoiceRecognizer]: 📄 Tokens路径: /sdcard/Android/data/org.stypox.dicio.master/files/models/asr/sensevoice/tokens.txt
09-21 01:53:19.309 12262 12367 D 🎵[SenseVoiceRecognizer]: 🗂️ 来源: 文件系统
09-21 01:53:19.310 12262 12367 D 🎵[SenseVoiceRecognizer]: 开始SenseVoice识别，音频长度: 20800 (1.30秒)
09-21 01:53:19.310 12262 12367 D 🎵[SenseVoiceRecognizer]: 🎵 音频范围: [-0.28341675, 0.27062988]
09-21 01:53:19.311 12262 12367 D 🎵[SenseVoiceRecognizer]: 📋 音频数据已复制: 20800 samples
09-21 01:53:19.311 12262 12367 D 🎵[SenseVoiceRecognizer]: 准备创建stream...
09-21 01:53:19.313 12262 12367 D 🎵[SenseVoiceRecognizer]: ✅ Stream创建成功: 226154719
09-21 01:53:19.313 12262 12367 D 🎵[SenseVoiceRecognizer]: 向stream输入音频数据...
09-21 01:53:19.322 12262 12367 D 🎵[SenseVoiceRecognizer]: 音频数据输入完成
09-21 01:53:19.322 12262 12367 D 🎵[SenseVoiceRecognizer]: 开始解码识别...
09-21 01:53:20.395 12262 12367 D 🎵[SenseVoiceRecognizer]: 解码完成，准备获取结果...
09-21 01:53:20.395 12262 12367 D 🎵[SenseVoiceRecognizer]: 获取识别结果...
09-21 01:53:20.396 12262 12367 D 🎵[SenseVoiceRecognizer]: stream资源已释放
09-21 01:53:20.396 12262 12367 D 🎤[SenseVoiceRecognizer]: SenseVoice识别结果: "返回主页。"
09-21 01:53:20.400 12262 12262 D 🎤[SenseVoiceInputDevice]: 📤 更新结果: 返回主页。
09-21 01:53:20.492 12262 12470 V SenseVoiceInputDevice: 🔊 音频能量: RMS=0.009801, 阈值=0.005000, 已检测=true
09-21 01:53:20.492 12262 12470 D 🎤[SenseVoiceInputDevice]: 🔄 开始实时识别 (22400样本)
09-21 01:53:20.495 12262 12470 D 🎵[SenseVoiceRecognizer]: ✅ Recognizer ID: 34111638
09-21 01:53:20.495 12262 12470 D 🎵[SenseVoiceRecognizer]: 🔧 模型路径: /sdcard/Android/data/org.stypox.dicio.master/files/models/asr/sensevoice/model.int8.onnx
09-21 01:53:20.495 12262 12470 D 🎵[SenseVoiceRecognizer]: 📄 Tokens路径: /sdcard/Android/data/org.stypox.dicio.master/files/models/asr/sensevoice/tokens.txt
09-21 01:53:20.495 12262 12470 D 🎵[SenseVoiceRecognizer]: 🗂️ 来源: 文件系统
09-21 01:53:20.496 12262 12470 D 🎵[SenseVoiceRecognizer]: 开始SenseVoice识别，音频长度: 22400 (1.40秒)
09-21 01:53:20.496 12262 12470 D 🎵[SenseVoiceRecognizer]: 🎵 音频范围: [-0.28341675, 0.27062988]
09-21 01:53:20.496 12262 12470 D 🎵[SenseVoiceRecognizer]: 📋 音频数据已复制: 22400 samples
09-21 01:53:20.496 12262 12470 D 🎵[SenseVoiceRecognizer]: 准备创建stream...
09-21 01:53:20.498 12262 12470 D 🎵[SenseVoiceRecognizer]: ✅ Stream创建成功: 115112236
09-21 01:53:20.498 12262 12470 D 🎵[SenseVoiceRecognizer]: 向stream输入音频数据...
09-21 01:53:20.508 12262 12470 D 🎵[SenseVoiceRecognizer]: 音频数据输入完成
09-21 01:53:20.508 12262 12470 D 🎵[SenseVoiceRecognizer]: 开始解码识别...
09-21 01:53:20.745 12262 12313 V SenseVoiceInputDevice: 📊 音频数据#100: size=1600, max=0.0012, min=-0.0014, avg=-0.000006
09-21 01:53:21.586 12262 12470 D 🎵[SenseVoiceRecognizer]: 解码完成，准备获取结果...
09-21 01:53:21.586 12262 12470 D 🎵[SenseVoiceRecognizer]: 获取识别结果...
09-21 01:53:21.587 12262 12470 D 🎵[SenseVoiceRecognizer]: stream资源已释放
09-21 01:53:21.587 12262 12470 D 🎤[SenseVoiceRecognizer]: SenseVoice识别结果: "返回主页。"
09-21 01:53:21.588 12262 12262 D 🎤[SenseVoiceInputDevice]: 📤 更新结果: 返回主页。
09-21 01:53:21.672 12262 12309 V SenseVoiceInputDevice: 🔊 音频能量: RMS=0.012721, 阈值=0.005000, 已检测=true
09-21 01:53:21.672 12262 12309 D 🎤[SenseVoiceInputDevice]: 🔄 开始实时识别 (24000样本)
09-21 01:53:21.675 12262 12309 D 🎵[SenseVoiceRecognizer]: ✅ Recognizer ID: 34111638
09-21 01:53:21.675 12262 12309 D 🎵[SenseVoiceRecognizer]: 🔧 模型路径: /sdcard/Android/data/org.stypox.dicio.master/files/models/asr/sensevoice/model.int8.onnx
09-21 01:53:21.675 12262 12309 D 🎵[SenseVoiceRecognizer]: 📄 Tokens路径: /sdcard/Android/data/org.stypox.dicio.master/files/models/asr/sensevoice/tokens.txt
09-21 01:53:21.675 12262 12309 D 🎵[SenseVoiceRecognizer]: 🗂️ 来源: 文件系统
09-21 01:53:21.676 12262 12309 D 🎵[SenseVoiceRecognizer]: 开始SenseVoice识别，音频长度: 24000 (1.50秒)
09-21 01:53:21.676 12262 12309 D 🎵[SenseVoiceRecognizer]: 🎵 音频范围: [-0.28341675, 0.27062988]
09-21 01:53:21.676 12262 12309 D 🎵[SenseVoiceRecognizer]: 📋 音频数据已复制: 24000 samples
09-21 01:53:21.676 12262 12309 D 🎵[SenseVoiceRecognizer]: 准备创建stream...
09-21 01:53:21.678 12262 12309 D 🎵[SenseVoiceRecognizer]: ✅ Stream创建成功: 215166965
09-21 01:53:21.678 12262 12309 D 🎵[SenseVoiceRecognizer]: 向stream输入音频数据...
09-21 01:53:21.686 12262 12309 D 🎵[SenseVoiceRecognizer]: 音频数据输入完成
09-21 01:53:21.686 12262 12309 D 🎵[SenseVoiceRecognizer]: 开始解码识别...
09-21 01:53:22.829 12262 12309 D 🎵[SenseVoiceRecognizer]: 解码完成，准备获取结果...
09-21 01:53:22.829 12262 12309 D 🎵[SenseVoiceRecognizer]: 获取识别结果...
09-21 01:53:22.829 12262 12309 D 🎵[SenseVoiceRecognizer]: stream资源已释放
09-21 01:53:22.829 12262 12309 D 🎤[SenseVoiceRecognizer]: SenseVoice识别结果: "返回主页。"
09-21 01:53:22.836 12262 12262 D 🎤[SenseVoiceInputDevice]: 📤 更新结果: 返回主页。
09-21 01:53:22.926 12262 12367 V SenseVoiceInputDevice: 🔊 音频能量: RMS=0.014223, 阈值=0.005000, 已检测=true
09-21 01:53:22.926 12262 12367 D 🎤[SenseVoiceInputDevice]: 🔄 开始实时识别 (25600样本)
09-21 01:53:22.929 12262 12367 D 🎵[SenseVoiceRecognizer]: ✅ Recognizer ID: 34111638
09-21 01:53:22.929 12262 12367 D 🎵[SenseVoiceRecognizer]: 🔧 模型路径: /sdcard/Android/data/org.stypox.dicio.master/files/models/asr/sensevoice/model.int8.onnx
09-21 01:53:22.929 12262 12367 D 🎵[SenseVoiceRecognizer]: 📄 Tokens路径: /sdcard/Android/data/org.stypox.dicio.master/files/models/asr/sensevoice/tokens.txt
09-21 01:53:22.929 12262 12367 D 🎵[SenseVoiceRecognizer]: 🗂️ 来源: 文件系统
09-21 01:53:22.930 12262 12367 D 🎵[SenseVoiceRecognizer]: 开始SenseVoice识别，音频长度: 25600 (1.60秒)
09-21 01:53:22.930 12262 12367 D 🎵[SenseVoiceRecognizer]: 🎵 音频范围: [-0.28341675, 0.27062988]
09-21 01:53:22.930 12262 12367 D 🎵[SenseVoiceRecognizer]: 📋 音频数据已复制: 25600 samples
09-21 01:53:22.930 12262 12367 D 🎵[SenseVoiceRecognizer]: 准备创建stream...
09-21 01:53:22.932 12262 12367 D 🎵[SenseVoiceRecognizer]: ✅ Stream创建成功: 184959370
09-21 01:53:22.932 12262 12367 D 🎵[SenseVoiceRecognizer]: 向stream输入音频数据...
09-21 01:53:22.941 12262 12367 D 🎵[SenseVoiceRecognizer]: 音频数据输入完成
09-21 01:53:22.941 12262 12367 D 🎵[SenseVoiceRecognizer]: 开始解码识别...
09-21 01:53:24.187 12262 12367 D 🎵[SenseVoiceRecognizer]: 解码完成，准备获取结果...
09-21 01:53:24.187 12262 12367 D 🎵[SenseVoiceRecognizer]: 获取识别结果...
09-21 01:53:24.187 12262 12367 D 🎵[SenseVoiceRecognizer]: stream资源已释放
09-21 01:53:24.187 12262 12367 D 🎤[SenseVoiceRecognizer]: SenseVoice识别结果: "返回主页。"
09-21 01:53:24.189 12262 12262 D 🎤[SenseVoiceInputDevice]: 📤 更新结果: 返回主页。
09-21 01:53:24.271 12262 12367 V SenseVoiceInputDevice: 🔊 音频能量: RMS=0.008554, 阈值=0.005000, 已检测=true
09-21 01:53:24.271 12262 12367 D 🎤[SenseVoiceInputDevice]: 🔄 开始实时识别 (27200样本)
09-21 01:53:24.274 12262 12367 D 🎵[SenseVoiceRecognizer]: ✅ Recognizer ID: 34111638
09-21 01:53:24.274 12262 12367 D 🎵[SenseVoiceRecognizer]: 🔧 模型路径: /sdcard/Android/data/org.stypox.dicio.master/files/models/asr/sensevoice/model.int8.onnx
09-21 01:53:24.274 12262 12367 D 🎵[SenseVoiceRecognizer]: 📄 Tokens路径: /sdcard/Android/data/org.stypox.dicio.master/files/models/asr/sensevoice/tokens.txt
09-21 01:53:24.274 12262 12367 D 🎵[SenseVoiceRecognizer]: 🗂️ 来源: 文件系统
09-21 01:53:24.275 12262 12367 D 🎵[SenseVoiceRecognizer]: 开始SenseVoice识别，音频长度: 27200 (1.70秒)
09-21 01:53:24.275 12262 12367 D 🎵[SenseVoiceRecognizer]: 🎵 音频范围: [-0.28341675, 0.27062988]
09-21 01:53:24.276 12262 12367 D 🎵[SenseVoiceRecognizer]: 📋 音频数据已复制: 27200 samples
09-21 01:53:24.276 12262 12367 D 🎵[SenseVoiceRecognizer]: 准备创建stream...
09-21 01:53:24.277 12262 12367 D 🎵[SenseVoiceRecognizer]: ✅ Stream创建成功: 73278459
09-21 01:53:24.277 12262 12367 D 🎵[SenseVoiceRecognizer]: 向stream输入音频数据...
09-21 01:53:24.286 12262 12367 D 🎵[SenseVoiceRecognizer]: 音频数据输入完成
09-21 01:53:24.286 12262 12367 D 🎵[SenseVoiceRecognizer]: 开始解码识别...
09-21 01:53:25.587 12262 12367 D 🎵[SenseVoiceRecognizer]: 解码完成，准备获取结果...
09-21 01:53:25.587 12262 12367 D 🎵[SenseVoiceRecognizer]: 获取识别结果...
09-21 01:53:25.587 12262 12367 D 🎵[SenseVoiceRecognizer]: stream资源已释放
09-21 01:53:25.588 12262 12367 D 🎤[SenseVoiceRecognizer]: SenseVoice识别结果: "返回主页。"
09-21 01:53:25.589 12262 12262 D 🎤[SenseVoiceInputDevice]: 📤 更新结果: 返回主页。
09-21 01:53:25.673 12262 12470 V SenseVoiceInputDevice: 🔊 音频能量: RMS=0.004241, 阈值=0.005000, 已检测=true
09-21 01:53:25.673 12262 12470 D 🎤[SenseVoiceInputDevice]: 🔄 开始实时识别 (28800样本)
09-21 01:53:25.677 12262 12470 D 🎵[SenseVoiceRecognizer]: ✅ Recognizer ID: 34111638
09-21 01:53:25.677 12262 12470 D 🎵[SenseVoiceRecognizer]: 🔧 模型路径: /sdcard/Android/data/org.stypox.dicio.master/files/models/asr/sensevoice/model.int8.onnx
09-21 01:53:25.677 12262 12470 D 🎵[SenseVoiceRecognizer]: 📄 Tokens路径: /sdcard/Android/data/org.stypox.dicio.master/files/models/asr/sensevoice/tokens.txt
09-21 01:53:25.677 12262 12470 D 🎵[SenseVoiceRecognizer]: 🗂️ 来源: 文件系统
09-21 01:53:25.678 12262 12470 D 🎵[SenseVoiceRecognizer]: 开始SenseVoice识别，音频长度: 28800 (1.80秒)
09-21 01:53:25.678 12262 12470 D 🎵[SenseVoiceRecognizer]: 🎵 音频范围: [-0.28341675, 0.27062988]
09-21 01:53:25.679 12262 12470 D 🎵[SenseVoiceRecognizer]: 📋 音频数据已复制: 28800 samples
09-21 01:53:25.679 12262 12470 D 🎵[SenseVoiceRecognizer]: 准备创建stream...
09-21 01:53:25.680 12262 12470 D 🎵[SenseVoiceRecognizer]: ✅ Stream创建成功: 170785816
09-21 01:53:25.681 12262 12470 D 🎵[SenseVoiceRecognizer]: 向stream输入音频数据...
09-21 01:53:25.691 12262 12470 D 🎵[SenseVoiceRecognizer]: 音频数据输入完成
09-21 01:53:25.691 12262 12470 D 🎵[SenseVoiceRecognizer]: 开始解码识别...
09-21 01:53:25.746 12262 12313 V SenseVoiceInputDevice: 📊 音频数据#150: size=1600, max=0.0014, min=-0.0011, avg=-0.000009
09-21 01:53:27.091 12262 12470 D 🎵[SenseVoiceRecognizer]: 解码完成，准备获取结果...
09-21 01:53:27.092 12262 12470 D 🎵[SenseVoiceRecognizer]: 获取识别结果...
09-21 01:53:27.092 12262 12470 D 🎵[SenseVoiceRecognizer]: stream资源已释放
09-21 01:53:27.092 12262 12470 D 🎤[SenseVoiceRecognizer]: SenseVoice识别结果: "返回主页。"
09-21 01:53:27.094 12262 12262 D 🎤[SenseVoiceInputDevice]: 📤 更新结果: 返回主页。
09-21 01:53:27.095 12262 12470 D SenseVoiceInputDevice: 🔇 检测到静音超时 (2906ms)
09-21 01:53:27.095 12262 12470 D SenseVoiceInputDevice: 🎯 开始最终识别
09-21 01:53:27.096 12262 12470 D SenseVoiceInputDevice: 🚀 执行最终识别，音频: 28800样本 (1.80秒)
09-21 01:53:27.099 12262 12470 D 🎵[SenseVoiceRecognizer]: ✅ Recognizer ID: 34111638
09-21 01:53:27.100 12262 12470 D 🎵[SenseVoiceRecognizer]: 🔧 模型路径: /sdcard/Android/data/org.stypox.dicio.master/files/models/asr/sensevoice/model.int8.onnx
09-21 01:53:27.100 12262 12470 D 🎵[SenseVoiceRecognizer]: 📄 Tokens路径: /sdcard/Android/data/org.stypox.dicio.master/files/models/asr/sensevoice/tokens.txt
09-21 01:53:27.100 12262 12470 D 🎵[SenseVoiceRecognizer]: 🗂️ 来源: 文件系统
09-21 01:53:27.100 12262 12470 D 🎵[SenseVoiceRecognizer]: 开始SenseVoice识别，音频长度: 28800 (1.80秒)
09-21 01:53:27.101 12262 12470 D 🎵[SenseVoiceRecognizer]: 🎵 音频范围: [-0.28341675, 0.27062988]
09-21 01:53:27.101 12262 12470 D 🎵[SenseVoiceRecognizer]: 📋 音频数据已复制: 28800 samples
09-21 01:53:27.101 12262 12470 D 🎵[SenseVoiceRecognizer]: 准备创建stream...
09-21 01:53:27.103 12262 12470 D 🎵[SenseVoiceRecognizer]: ✅ Stream创建成功: 183752305
09-21 01:53:27.103 12262 12470 D 🎵[SenseVoiceRecognizer]: 向stream输入音频数据...
09-21 01:53:27.114 12262 12470 D 🎵[SenseVoiceRecognizer]: 音频数据输入完成
09-21 01:53:27.114 12262 12470 D 🎵[SenseVoiceRecognizer]: 开始解码识别...
09-21 01:53:28.473 12262 12470 D 🎵[SenseVoiceRecognizer]: 解码完成，准备获取结果...
09-21 01:53:28.473 12262 12470 D 🎵[SenseVoiceRecognizer]: 获取识别结果...
09-21 01:53:28.474 12262 12470 D 🎵[SenseVoiceRecognizer]: stream资源已释放
09-21 01:53:28.474 12262 12470 D 🎤[SenseVoiceRecognizer]: SenseVoice识别结果: "返回主页。"
09-21 01:53:28.474 12262 12310 D 🎤[SenseVoiceInputDevice]: ✅ 最终结果: "返回主页。"
09-21 01:53:28.476 12262 12316 D SenseVoiceInputDevice: 🏁 音频处理结束，状态: Loaded
09-21 01:53:28.542 12262 12313 D SenseVoiceInputDevice: 🏁 音频采集结束
09-21 01:53:28.587 12262 12313 D SenseVoiceInputDevice: 🛑 AudioRecord已停止
09-21 01:53:28.593 12262 12313 D SenseVoiceInputDevice: ✅ AudioRecord已清理
09-21 01:53:28.602 12262 12313 D SenseVoiceInputDevice: 🚀 启动语音识别
09-21 01:53:28.604 12262 12313 D SenseVoiceInputDevice: 🔄 状态已重置
09-21 01:53:28.605 12262 12316 D SenseVoiceInputDevice: 🎵 启动音频采集
09-21 01:53:28.605 12262 12313 D SenseVoiceInputDevice: 🔄 启动音频处理
09-21 01:53:28.722 12262 12316 D SenseVoiceInputDevice: ✅ 录制已启动
09-21 01:53:28.928 12262 12316 V SenseVoiceInputDevice: 📊 音频数据#1: size=1600, max=0.0084, min=-0.0062, avg=-0.000046
09-21 01:53:28.930 12262 12313 V SenseVoiceInputDevice: 🔊 音频能量: RMS=0.002476, 阈值=0.005000, 已检测=false
09-21 01:53:29.028 12262 12316 V SenseVoiceInputDevice: 📊 音频数据#2: size=1600, max=0.0740, min=-0.0778, avg=-0.000023
09-21 01:53:29.030 12262 12313 D 🎤[SenseVoiceInputDevice]: 🔊 能量检测触发: RMS=0.018429 > threshold=0.005000
09-21 01:53:29.030 12262 12313 D 🎤[SenseVoiceInputDevice]: 🎙️ 检测到语音开始，已添加预缓冲音频 (3200样本)
09-21 01:53:29.030 12262 12313 D 🎤[SenseVoiceInputDevice]: 🔄 开始实时识别 (3200样本)
09-21 01:53:29.032 12262 12313 D 🎵[SenseVoiceRecognizer]: ✅ Recognizer ID: 34111638
09-21 01:53:29.032 12262 12313 D 🎵[SenseVoiceRecognizer]: 🔧 模型路径: /sdcard/Android/data/org.stypox.dicio.master/files/models/asr/sensevoice/model.int8.onnx
09-21 01:53:29.032 12262 12313 D 🎵[SenseVoiceRecognizer]: 📄 Tokens路径: /sdcard/Android/data/org.stypox.dicio.master/files/models/asr/sensevoice/tokens.txt
09-21 01:53:29.032 12262 12313 D 🎵[SenseVoiceRecognizer]: 🗂️ 来源: 文件系统
09-21 01:53:29.034 12262 12313 D 🎵[SenseVoiceRecognizer]: 开始SenseVoice识别，音频长度: 3200 (0.20秒)
09-21 01:53:29.034 12262 12313 D 🎵[SenseVoiceRecognizer]: 🎵 音频范围: [-0.07778931, 0.07400513]
09-21 01:53:29.034 12262 12313 D 🎵[SenseVoiceRecognizer]: 📋 音频数据已复制: 3200 samples
09-21 01:53:29.034 12262 12313 D 🎵[SenseVoiceRecognizer]: 准备创建stream...
09-21 01:53:29.036 12262 12313 D 🎵[SenseVoiceRecognizer]: ✅ Stream创建成功: 140200272
09-21 01:53:29.036 12262 12313 D 🎵[SenseVoiceRecognizer]: 向stream输入音频数据...
09-21 01:53:29.037 12262 12313 D 🎵[SenseVoiceRecognizer]: 音频数据输入完成
09-21 01:53:29.037 12262 12313 D 🎵[SenseVoiceRecognizer]: 开始解码识别...
09-21 01:53:29.129 12262 12316 V SenseVoiceInputDevice: 📊 音频数据#3: size=1600, max=0.2524, min=-0.2552, avg=-0.000005
09-21 01:53:29.493 12262 12313 D 🎵[SenseVoiceRecognizer]: 解码完成，准备获取结果...
09-21 01:53:29.493 12262 12313 D 🎵[SenseVoiceRecognizer]: 获取识别结果...
09-21 01:53:29.493 12262 12313 D 🎵[SenseVoiceRecognizer]: stream资源已释放
09-21 01:53:29.493 12262 12313 D 🎤[SenseVoiceRecognizer]: SenseVoice识别结果: "<|Speech|>。"
09-21 01:53:29.527 12262 12262 D 🎤[SenseVoiceInputDevice]: 📤 首次发送: <|Speech|>。
09-21 01:53:29.534 12262 12309 D 🎤[SenseVoiceInputDevice]: 🔄 开始实时识别 (4800样本)
09-21 01:53:29.535 12262 12309 D 🎵[SenseVoiceRecognizer]: ✅ Recognizer ID: 34111638
09-21 01:53:29.537 12262 12309 D 🎵[SenseVoiceRecognizer]: 🔧 模型路径: /sdcard/Android/data/org.stypox.dicio.master/files/models/asr/sensevoice/model.int8.onnx
09-21 01:53:29.537 12262 12309 D 🎵[SenseVoiceRecognizer]: 📄 Tokens路径: /sdcard/Android/data/org.stypox.dicio.master/files/models/asr/sensevoice/tokens.txt
09-21 01:53:29.537 12262 12309 D 🎵[SenseVoiceRecognizer]: 🗂️ 来源: 文件系统
09-21 01:53:29.537 12262 12309 D 🎵[SenseVoiceRecognizer]: 开始SenseVoice识别，音频长度: 4800 (0.30秒)
09-21 01:53:29.537 12262 12309 D 🎵[SenseVoiceRecognizer]: 🎵 音频范围: [-0.25524902, 0.2524109]
09-21 01:53:29.538 12262 12309 D 🎵[SenseVoiceRecognizer]: 📋 音频数据已复制: 4800 samples
09-21 01:53:29.538 12262 12309 D 🎵[SenseVoiceRecognizer]: 准备创建stream...
09-21 01:53:29.539 12262 12309 D 🎵[SenseVoiceRecognizer]: ✅ Stream创建成功: 45433717
09-21 01:53:29.539 12262 12309 D 🎵[SenseVoiceRecognizer]: 向stream输入音频数据...
09-21 01:53:29.541 12262 12309 D 🎵[SenseVoiceRecognizer]: 音频数据输入完成
09-21 01:53:29.541 12262 12309 D 🎵[SenseVoiceRecognizer]: 开始解码识别...
09-21 01:53:29.965 12262 12309 D 🎵[SenseVoiceRecognizer]: 解码完成，准备获取结果...
09-21 01:53:29.965 12262 12309 D 🎵[SenseVoiceRecognizer]: 获取识别结果...
09-21 01:53:29.966 12262 12309 D 🎵[SenseVoiceRecognizer]: stream资源已释放
09-21 01:53:29.966 12262 12309 D 🎤[SenseVoiceRecognizer]: SenseVoice识别结果: "Yeah."
09-21 01:53:29.974 12262 12262 D 🎤[SenseVoiceInputDevice]: 📤 更新结果: Yeah.
09-21 01:53:29.987 12262 12313 V SenseVoiceInputDevice: 🔊 音频能量: RMS=0.052858, 阈值=0.005000, 已检测=true
09-21 01:53:29.990 12262 12313 D 🎤[SenseVoiceInputDevice]: 🔄 开始实时识别 (6400样本)
09-21 01:53:29.999 12262 12313 D 🎵[SenseVoiceRecognizer]: ✅ Recognizer ID: 34111638
09-21 01:53:29.999 12262 12313 D 🎵[SenseVoiceRecognizer]: 🔧 模型路径: /sdcard/Android/data/org.stypox.dicio.master/files/models/asr/sensevoice/model.int8.onnx
09-21 01:53:29.999 12262 12313 D 🎵[SenseVoiceRecognizer]: 📄 Tokens路径: /sdcard/Android/data/org.stypox.dicio.master/files/models/asr/sensevoice/tokens.txt
09-21 01:53:29.999 12262 12313 D 🎵[SenseVoiceRecognizer]: 🗂️ 来源: 文件系统
09-21 01:53:30.004 12262 12313 D 🎵[SenseVoiceRecognizer]: 开始SenseVoice识别，音频长度: 6400 (0.40秒)
09-21 01:53:30.004 12262 12313 D 🎵[SenseVoiceRecognizer]: 🎵 音频范围: [-0.25524902, 0.2524109]
09-21 01:53:30.005 12262 12313 D 🎵[SenseVoiceRecognizer]: 📋 音频数据已复制: 6400 samples
09-21 01:53:30.006 12262 12313 D 🎵[SenseVoiceRecognizer]: 准备创建stream...
09-21 01:53:30.009 12262 12313 D 🎵[SenseVoiceRecognizer]: ✅ Stream创建成功: 138138432
09-21 01:53:30.009 12262 12313 D 🎵[SenseVoiceRecognizer]: 向stream输入音频数据...
09-21 01:53:30.013 12262 12313 D 🎵[SenseVoiceRecognizer]: 音频数据输入完成
09-21 01:53:30.013 12262 12313 D 🎵[SenseVoiceRecognizer]: 开始解码识别...
09-21 01:53:30.516 12262 12313 D 🎵[SenseVoiceRecognizer]: 解码完成，准备获取结果...
09-21 01:53:30.517 12262 12313 D 🎵[SenseVoiceRecognizer]: 获取识别结果...
09-21 01:53:30.517 12262 12313 D 🎵[SenseVoiceRecognizer]: stream资源已释放
09-21 01:53:30.517 12262 12313 D 🎤[SenseVoiceRecognizer]: SenseVoice识别结果: "Yeah."
09-21 01:53:30.523 12262 12262 D 🎤[SenseVoiceInputDevice]: 📤 更新结果: Yeah.
09-21 01:53:30.525 12262 12313 D 🎤[SenseVoiceInputDevice]: 🔄 开始实时识别 (8000样本)
09-21 01:53:30.526 12262 12313 D 🎵[SenseVoiceRecognizer]: ✅ Recognizer ID: 34111638
09-21 01:53:30.526 12262 12313 D 🎵[SenseVoiceRecognizer]: 🔧 模型路径: /sdcard/Android/data/org.stypox.dicio.master/files/models/asr/sensevoice/model.int8.onnx
09-21 01:53:30.526 12262 12313 D 🎵[SenseVoiceRecognizer]: 📄 Tokens路径: /sdcard/Android/data/org.stypox.dicio.master/files/models/asr/sensevoice/tokens.txt
09-21 01:53:30.526 12262 12313 D 🎵[SenseVoiceRecognizer]: 🗂️ 来源: 文件系统
09-21 01:53:30.527 12262 12313 D 🎵[SenseVoiceRecognizer]: 开始SenseVoice识别，音频长度: 8000 (0.50秒)
09-21 01:53:30.527 12262 12313 D 🎵[SenseVoiceRecognizer]: 🎵 音频范围: [-0.25524902, 0.2524109]
09-21 01:53:30.527 12262 12313 D 🎵[SenseVoiceRecognizer]: 📋 音频数据已复制: 8000 samples
09-21 01:53:30.527 12262 12313 D 🎵[SenseVoiceRecognizer]: 准备创建stream...
09-21 01:53:30.529 12262 12313 D 🎵[SenseVoiceRecognizer]: ✅ Stream创建成功: 257335929
09-21 01:53:30.529 12262 12313 D 🎵[SenseVoiceRecognizer]: 向stream输入音频数据...
09-21 01:53:30.532 12262 12313 D 🎵[SenseVoiceRecognizer]: 音频数据输入完成
09-21 01:53:30.532 12262 12313 D 🎵[SenseVoiceRecognizer]: 开始解码识别...
09-21 01:53:31.113 12262 12313 D 🎵[SenseVoiceRecognizer]: 解码完成，准备获取结果...
09-21 01:53:31.113 12262 12313 D 🎵[SenseVoiceRecognizer]: 获取识别结果...
09-21 01:53:31.114 12262 12313 D 🎵[SenseVoiceRecognizer]: stream资源已释放
09-21 01:53:31.114 12262 12313 D 🎤[SenseVoiceRecognizer]: SenseVoice识别结果: "Yeah."
09-21 01:53:31.117 12262 12262 D 🎤[SenseVoiceInputDevice]: 📤 更新结果: Yeah.
09-21 01:53:31.209 12262 12367 V SenseVoiceInputDevice: 🔊 音频能量: RMS=0.006493, 阈值=0.005000, 已检测=true
09-21 01:53:31.210 12262 12367 D 🎤[SenseVoiceInputDevice]: 🔄 开始实时识别 (9600样本)
09-21 01:53:31.213 12262 12367 D 🎵[SenseVoiceRecognizer]: ✅ Recognizer ID: 34111638
09-21 01:53:31.213 12262 12367 D 🎵[SenseVoiceRecognizer]: 🔧 模型路径: /sdcard/Android/data/org.stypox.dicio.master/files/models/asr/sensevoice/model.int8.onnx
09-21 01:53:31.213 12262 12367 D 🎵[SenseVoiceRecognizer]: 📄 Tokens路径: /sdcard/Android/data/org.stypox.dicio.master/files/models/asr/sensevoice/tokens.txt
09-21 01:53:31.213 12262 12367 D 🎵[SenseVoiceRecognizer]: 🗂️ 来源: 文件系统
09-21 01:53:31.214 12262 12367 D 🎵[SenseVoiceRecognizer]: 开始SenseVoice识别，音频长度: 9600 (0.60秒)
09-21 01:53:31.214 12262 12367 D 🎵[SenseVoiceRecognizer]: 🎵 音频范围: [-0.25524902, 0.2524109]
09-21 01:53:31.214 12262 12367 D 🎵[SenseVoiceRecognizer]: 📋 音频数据已复制: 9600 samples
09-21 01:53:31.214 12262 12367 D 🎵[SenseVoiceRecognizer]: 准备创建stream...
09-21 01:53:31.216 12262 12367 D 🎵[SenseVoiceRecognizer]: ✅ Stream创建成功: 248089042
09-21 01:53:31.216 12262 12367 D 🎵[SenseVoiceRecognizer]: 向stream输入音频数据...
09-21 01:53:31.220 12262 12367 D 🎵[SenseVoiceRecognizer]: 音频数据输入完成
09-21 01:53:31.220 12262 12367 D 🎵[SenseVoiceRecognizer]: 开始解码识别...
09-21 01:53:31.863 12262 12367 D 🎵[SenseVoiceRecognizer]: 解码完成，准备获取结果...
09-21 01:53:31.863 12262 12367 D 🎵[SenseVoiceRecognizer]: 获取识别结果...
09-21 01:53:31.863 12262 12367 D 🎵[SenseVoiceRecognizer]: stream资源已释放
09-21 01:53:31.863 12262 12367 D 🎤[SenseVoiceRecognizer]: SenseVoice识别结果: "Yeah."
09-21 01:53:31.865 12262 12262 D 🎤[SenseVoiceInputDevice]: 📤 更新结果: Yeah.
09-21 01:53:31.961 12262 12313 D 🎤[SenseVoiceInputDevice]: 🔄 开始实时识别 (11200样本)
09-21 01:53:31.962 12262 12313 D 🎵[SenseVoiceRecognizer]: ✅ Recognizer ID: 34111638
09-21 01:53:31.962 12262 12313 D 🎵[SenseVoiceRecognizer]: 🔧 模型路径: /sdcard/Android/data/org.stypox.dicio.master/files/models/asr/sensevoice/model.int8.onnx
09-21 01:53:31.962 12262 12313 D 🎵[SenseVoiceRecognizer]: 📄 Tokens路径: /sdcard/Android/data/org.stypox.dicio.master/files/models/asr/sensevoice/tokens.txt
09-21 01:53:31.962 12262 12313 D 🎵[SenseVoiceRecognizer]: 🗂️ 来源: 文件系统
09-21 01:53:31.963 12262 12313 D 🎵[SenseVoiceRecognizer]: 开始SenseVoice识别，音频长度: 11200 (0.70秒)
09-21 01:53:31.963 12262 12313 D 🎵[SenseVoiceRecognizer]: 🎵 音频范围: [-0.25524902, 0.2524109]
09-21 01:53:31.963 12262 12313 D 🎵[SenseVoiceRecognizer]: 📋 音频数据已复制: 11200 samples
09-21 01:53:31.963 12262 12313 D 🎵[SenseVoiceRecognizer]: 准备创建stream...
09-21 01:53:31.964 12262 12313 D 🎵[SenseVoiceRecognizer]: ✅ Stream创建成功: 238672547
09-21 01:53:31.964 12262 12313 D 🎵[SenseVoiceRecognizer]: 向stream输入音频数据...
09-21 01:53:31.968 12262 12313 D 🎵[SenseVoiceRecognizer]: 音频数据输入完成
09-21 01:53:31.968 12262 12313 D 🎵[SenseVoiceRecognizer]: 开始解码识别...
09-21 01:53:32.670 12262 12313 D 🎵[SenseVoiceRecognizer]: 解码完成，准备获取结果...
09-21 01:53:32.670 12262 12313 D 🎵[SenseVoiceRecognizer]: 获取识别结果...
09-21 01:53:32.670 12262 12313 D 🎵[SenseVoiceRecognizer]: stream资源已释放
09-21 01:53:32.670 12262 12313 D 🎤[SenseVoiceRecognizer]: SenseVoice识别结果: "Yeah."
09-21 01:53:32.674 12262 12262 D 🎤[SenseVoiceInputDevice]: 📤 更新结果: Yeah.
09-21 01:53:32.764 12262 12470 V SenseVoiceInputDevice: 🔊 音频能量: RMS=0.001459, 阈值=0.005000, 已检测=true
09-21 01:53:32.764 12262 12470 D 🎤[SenseVoiceInputDevice]: 🔄 开始实时识别 (12800样本)
09-21 01:53:32.766 12262 12470 D 🎵[SenseVoiceRecognizer]: ✅ Recognizer ID: 34111638
09-21 01:53:32.766 12262 12470 D 🎵[SenseVoiceRecognizer]: 🔧 模型路径: /sdcard/Android/data/org.stypox.dicio.master/files/models/asr/sensevoice/model.int8.onnx
09-21 01:53:32.766 12262 12470 D 🎵[SenseVoiceRecognizer]: 📄 Tokens路径: /sdcard/Android/data/org.stypox.dicio.master/files/models/asr/sensevoice/tokens.txt
09-21 01:53:32.766 12262 12470 D 🎵[SenseVoiceRecognizer]: 🗂️ 来源: 文件系统
09-21 01:53:32.767 12262 12470 D 🎵[SenseVoiceRecognizer]: 开始SenseVoice识别，音频长度: 12800 (0.80秒)
09-21 01:53:32.767 12262 12470 D 🎵[SenseVoiceRecognizer]: 🎵 音频范围: [-0.25524902, 0.2524109]
09-21 01:53:32.767 12262 12470 D 🎵[SenseVoiceRecognizer]: 📋 音频数据已复制: 12800 samples
09-21 01:53:32.767 12262 12470 D 🎵[SenseVoiceRecognizer]: 准备创建stream...
09-21 01:53:32.769 12262 12470 D 🎵[SenseVoiceRecognizer]: ✅ Stream创建成功: 206696864
09-21 01:53:32.769 12262 12470 D 🎵[SenseVoiceRecognizer]: 向stream输入音频数据...
09-21 01:53:32.774 12262 12470 D 🎵[SenseVoiceRecognizer]: 音频数据输入完成
09-21 01:53:32.774 12262 12470 D 🎵[SenseVoiceRecognizer]: 开始解码识别...
09-21 01:53:33.488 12262 12470 D 🎵[SenseVoiceRecognizer]: 解码完成，准备获取结果...
09-21 01:53:33.488 12262 12470 D 🎵[SenseVoiceRecognizer]: 获取识别结果...
09-21 01:53:33.489 12262 12470 D 🎵[SenseVoiceRecognizer]: stream资源已释放
09-21 01:53:33.489 12262 12470 D 🎤[SenseVoiceRecognizer]: SenseVoice识别结果: "Yeah."
09-21 01:53:33.494 12262 12262 D 🎤[SenseVoiceInputDevice]: 📤 更新结果: Yeah.
09-21 01:53:33.583 12262 12309 D 🎤[SenseVoiceInputDevice]: 🔄 开始实时识别 (14400样本)
09-21 01:53:33.585 12262 12309 D 🎵[SenseVoiceRecognizer]: ✅ Recognizer ID: 34111638
09-21 01:53:33.585 12262 12309 D 🎵[SenseVoiceRecognizer]: 🔧 模型路径: /sdcard/Android/data/org.stypox.dicio.master/files/models/asr/sensevoice/model.int8.onnx
09-21 01:53:33.585 12262 12309 D 🎵[SenseVoiceRecognizer]: 📄 Tokens路径: /sdcard/Android/data/org.stypox.dicio.master/files/models/asr/sensevoice/tokens.txt
09-21 01:53:33.585 12262 12309 D 🎵[SenseVoiceRecognizer]: 🗂️ 来源: 文件系统
09-21 01:53:33.588 12262 12309 D 🎵[SenseVoiceRecognizer]: 开始SenseVoice识别，音频长度: 14400 (0.90秒)
09-21 01:53:33.588 12262 12309 D 🎵[SenseVoiceRecognizer]: 🎵 音频范围: [-0.25524902, 0.2524109]
09-21 01:53:33.588 12262 12309 D 🎵[SenseVoiceRecognizer]: 📋 音频数据已复制: 14400 samples
09-21 01:53:33.588 12262 12309 D 🎵[SenseVoiceRecognizer]: 准备创建stream...
09-21 01:53:33.589 12262 12309 D 🎵[SenseVoiceRecognizer]: ✅ Stream创建成功: 138596697
09-21 01:53:33.590 12262 12309 D 🎵[SenseVoiceRecognizer]: 向stream输入音频数据...
09-21 01:53:33.594 12262 12309 D 🎵[SenseVoiceRecognizer]: 音频数据输入完成
09-21 01:53:33.595 12262 12309 D 🎵[SenseVoiceRecognizer]: 开始解码识别...
09-21 01:53:33.832 12262 12316 V SenseVoiceInputDevice: 📊 音频数据#50: size=1600, max=0.0016, min=-0.0014, avg=-0.000015
09-21 01:53:34.390 12262 12309 D 🎵[SenseVoiceRecognizer]: 解码完成，准备获取结果...
09-21 01:53:34.390 12262 12309 D 🎵[SenseVoiceRecognizer]: 获取识别结果...
09-21 01:53:34.391 12262 12309 D 🎵[SenseVoiceRecognizer]: stream资源已释放
09-21 01:53:34.391 12262 12309 D 🎤[SenseVoiceRecognizer]: SenseVoice识别结果: "Yeah."
09-21 01:53:34.394 12262 12262 D 🎤[SenseVoiceInputDevice]: 📤 更新结果: Yeah.
09-21 01:53:34.394 12262 12309 D SenseVoiceInputDevice: 🔇 检测到静音超时 (3276ms)
09-21 01:53:34.394 12262 12309 D SenseVoiceInputDevice: 🎯 开始最终识别
09-21 01:53:34.395 12262 12309 D SenseVoiceInputDevice: 🚀 执行最终识别，音频: 14400样本 (0.90秒)
09-21 01:53:34.397 12262 12309 D 🎵[SenseVoiceRecognizer]: ✅ Recognizer ID: 34111638
09-21 01:53:34.397 12262 12309 D 🎵[SenseVoiceRecognizer]: 🔧 模型路径: /sdcard/Android/data/org.stypox.dicio.master/files/models/asr/sensevoice/model.int8.onnx
09-21 01:53:34.397 12262 12309 D 🎵[SenseVoiceRecognizer]: 📄 Tokens路径: /sdcard/Android/data/org.stypox.dicio.master/files/models/asr/sensevoice/tokens.txt
09-21 01:53:34.397 12262 12309 D 🎵[SenseVoiceRecognizer]: 🗂️ 来源: 文件系统
09-21 01:53:34.398 12262 12309 D 🎵[SenseVoiceRecognizer]: 开始SenseVoice识别，音频长度: 14400 (0.90秒)
09-21 01:53:34.398 12262 12309 D 🎵[SenseVoiceRecognizer]: 🎵 音频范围: [-0.25524902, 0.2524109]
09-21 01:53:34.398 12262 12309 D 🎵[SenseVoiceRecognizer]: 📋 音频数据已复制: 14400 samples
09-21 01:53:34.398 12262 12309 D 🎵[SenseVoiceRecognizer]: 准备创建stream...
09-21 01:53:34.400 12262 12309 D 🎵[SenseVoiceRecognizer]: ✅ Stream创建成功: 68317470
09-21 01:53:34.400 12262 12309 D 🎵[SenseVoiceRecognizer]: 向stream输入音频数据...
09-21 01:53:34.405 12262 12309 D 🎵[SenseVoiceRecognizer]: 音频数据输入完成
09-21 01:53:34.405 12262 12309 D 🎵[SenseVoiceRecognizer]: 开始解码识别...
09-21 01:53:35.208 12262 12309 D 🎵[SenseVoiceRecognizer]: 解码完成，准备获取结果...
09-21 01:53:35.208 12262 12309 D 🎵[SenseVoiceRecognizer]: 获取识别结果...
09-21 01:53:35.208 12262 12309 D 🎵[SenseVoiceRecognizer]: stream资源已释放
09-21 01:53:35.208 12262 12309 D 🎤[SenseVoiceRecognizer]: SenseVoice识别结果: "Yeah."
09-21 01:53:35.209 12262 12309 D 🎤[SenseVoiceInputDevice]: ✅ 最终结果: "Yeah."
09-21 01:53:35.212 12262 12313 D SenseVoiceInputDevice: 🏁 音频处理结束，状态: Loaded
09-21 01:53:35.229 12262 12316 D SenseVoiceInputDevice: 🏁 音频采集结束
09-21 01:53:35.269 12262 12316 D SenseVoiceInputDevice: 🛑 AudioRecord已停止
09-21 01:53:35.275 12262 12316 D SenseVoiceInputDevice: ✅ AudioRecord已清理
